area,bedrooms,bathrooms,tier,parking,house_age,furnishing,price
467,2,1,Tier-3,1,9,Semi,459792
475,2,2,Tier-3,0,6,Unfurnished,437800
962,2,1,Tier-3,0,15,Unfurnished,806422
724,1,1,Tier-3,0,15,Unfurnished,951475
1102,3,3,Tier-2,1,5,Semi,2619418
844,1,2,Tier-3,0,5,Semi,1167901
645,1,1,Tier-3,1,14,Unfurnished,829651
1958,2,2,Tier-2,2,9,Furnished,7009216
3433,6,5,Tier-1,2,3,Furnished,25317862
1139,2,2,Tier-2,1,4,Furnished,4445076
4893,3,5,Tier-1,2,1,Furnished,32836204
492,1,1,Tier-3,0,17,Unfurnished,610344
457,1,1,Tier-3,1,17,Unfurnished,504034
3957,3,3,Tier-1,2,2,Furnished,33577004
1799,3,3,Tier-2,2,5,Semi,5527997
1040,2,2,Tier-2,2,3,Furnished,2412286
1000,2,1,Tier-3,0,19,Semi,1397952
758,1,2,Tier-3,0,6,Unfurnished,640969
966,1,1,Tier-3,1,20,Semi,1152809
3937,5,4,Tier-1,3,2,Furnished,28450066
1244,3,3,Tier-2,1,9,Furnished,2504169
578,2,1,Tier-3,0,13,Unfurnished,627380
650,1,2,Tier-3,1,14,Semi,899476
4617,4,5,Tier-1,2,0,Furnished,29546678
858,2,1,Tier-3,1,17,Semi,1255758
715,2,2,Tier-3,0,7,Semi,588676
466,1,2,Tier-3,1,17,Semi,548600
2091,3,2,Tier-2,1,6,Furnished,4378437
889,1,2,Tier-3,0,6,Semi,882189
736,1,2,Tier-3,0,6,Unfurnished,1007763
1530,3,3,Tier-2,2,9,Furnished,3513741
956,1,2,Tier-3,0,10,Semi,1266545
487,1,1,Tier-3,0,16,Semi,414253
2021,3,2,Tier-2,2,5,Furnished,5174152
574,1,2,Tier-3,0,17,Unfurnished,604534
2045,3,3,Tier-2,2,7,Furnished,7399708
2194,3,2,Tier-2,2,6,Semi,8206994
622,2,2,Tier-3,0,13,Unfurnished,779953
962,1,2,Tier-3,0,5,Unfurnished,903036
451,2,1,Tier-3,1,15,Unfurnished,681022
884,1,2,Tier-3,1,6,Unfurnished,1076822
791,2,1,Tier-3,0,16,Unfurnished,714282
1652,3,3,Tier-2,2,6,Semi,5937934
575,2,1,Tier-3,1,14,Semi,715672
898,1,2,Tier-3,1,17,Semi,1050923
409,2,2,Tier-3,1,16,Semi,514202
920,2,1,Tier-3,1,8,Semi,1331960
620,1,2,Tier-3,0,8,Semi,692118
1499,3,3,Tier-2,1,10,Semi,5381010
996,2,2,Tier-3,0,9,Semi,951425
1713,3,3,Tier-2,1,9,Semi,4863959
987,2,2,Tier-3,0,11,Semi,839067
2706,5,5,Tier-1,3,1,Furnished,23984304
4918,5,3,Tier-1,3,4,Furnished,39992633
490,2,1,Tier-3,0,16,Unfurnished,490677
1054,2,2,Tier-2,1,10,Semi,3155635
1988,3,2,Tier-2,1,4,Furnished,5788168
503,2,1,Tier-3,0,8,Semi,743585
2017,3,2,Tier-2,1,9,Semi,7511720
689,2,2,Tier-3,1,7,Semi,608713
650,2,1,Tier-3,1,12,Unfurnished,803964
927,2,1,Tier-3,1,18,Semi,789002
692,1,2,Tier-3,1,13,Semi,905124
1911,3,2,Tier-2,2,3,Semi,7226004
584,1,1,Tier-3,1,19,Unfurnished,496621
959,2,1,Tier-3,0,13,Unfurnished,1324013
792,1,1,Tier-3,1,11,Unfurnished,954911
1244,2,2,Tier-2,2,2,Furnished,3176048
3044,3,3,Tier-1,3,3,Furnished,16758040
486,2,2,Tier-3,0,19,Unfurnished,502211
1765,2,2,Tier-2,2,4,Semi,5462344
417,2,2,Tier-3,0,10,Semi,352991
740,1,2,Tier-3,0,19,Unfurnished,830740
728,1,1,Tier-3,0,11,Unfurnished,667587
737,2,2,Tier-3,1,15,Unfurnished,1103897
3827,4,5,Tier-1,2,2,Furnished,32055323
806,2,1,Tier-3,0,20,Semi,837526
621,1,1,Tier-3,1,15,Semi,501567
1991,2,3,Tier-2,1,6,Semi,6664424
470,1,2,Tier-3,0,12,Semi,518626
1378,2,3,Tier-2,2,2,Semi,5386856
586,1,2,Tier-3,0,14,Semi,756561
749,1,1,Tier-3,0,19,Unfurnished,831668
3046,3,5,Tier-1,3,5,Furnished,22854569
1745,2,2,Tier-2,2,8,Furnished,4129386
831,2,2,Tier-3,0,13,Unfurnished,1148961
941,1,1,Tier-3,0,5,Unfurnished,1171743
4507,6,5,Tier-1,3,0,Furnished,25579122
1342,3,2,Tier-2,1,9,Semi,4915972
691,2,2,Tier-3,1,19,Semi,839124
412,1,2,Tier-3,1,11,Unfurnished,496753
1849,3,3,Tier-2,2,4,Semi,6188301
412,1,1,Tier-3,0,14,Unfurnished,496609
1706,2,3,Tier-2,2,6,Semi,4559533
1892,3,2,Tier-2,2,10,Semi,5528154
4535,5,5,Tier-1,2,5,Furnished,26711371
968,1,2,Tier-3,1,10,Semi,1273005
788,2,2,Tier-3,1,15,Unfurnished,747854
749,1,2,Tier-3,1,12,Unfurnished,1055283
673,1,2,Tier-3,0,11,Semi,676909
631,1,2,Tier-3,1,17,Semi,518201
988,1,1,Tier-3,0,10,Unfurnished,1040162
903,1,1,Tier-3,1,13,Semi,844019
988,1,2,Tier-3,0,12,Semi,1177469
569,1,2,Tier-3,1,6,Unfurnished,781582
3897,5,3,Tier-1,3,5,Furnished,26309447
1897,2,2,Tier-2,2,7,Furnished,6335365
751,1,1,Tier-3,1,19,Semi,687537
797,2,2,Tier-3,0,8,Semi,881421
1569,2,2,Tier-2,1,10,Furnished,5729722
780,2,2,Tier-3,0,12,Semi,777882
798,2,1,Tier-3,0,20,Unfurnished,1027426
846,1,2,Tier-3,1,10,Unfurnished,772637
590,2,2,Tier-3,1,10,Semi,874546
539,1,1,Tier-3,1,9,Unfurnished,480978
693,1,2,Tier-3,0,17,Semi,844323
2123,2,2,Tier-2,2,2,Semi,5948139
626,1,1,Tier-3,1,9,Semi,823584
1809,2,3,Tier-2,2,7,Furnished,4717398
586,2,1,Tier-3,0,15,Semi,669951
453,1,2,Tier-3,0,20,Semi,670474
1670,2,2,Tier-2,1,8,Furnished,4196754
3388,3,3,Tier-1,2,1,Furnished,19321363
810,1,2,Tier-3,0,14,Unfurnished,989449
1852,3,2,Tier-2,2,2,Furnished,6391432
904,2,1,Tier-3,0,10,Unfurnished,1219963
907,1,2,Tier-3,0,16,Unfurnished,972506
4961,5,3,Tier-1,2,5,Furnished,25120303
4583,4,5,Tier-1,3,3,Furnished,38515029
887,2,2,Tier-3,1,11,Semi,878303
471,2,1,Tier-3,0,7,Unfurnished,449809
407,2,2,Tier-3,1,5,Unfurnished,569421
2586,5,5,Tier-1,2,0,Furnished,22034774
850,1,1,Tier-3,1,16,Unfurnished,1243668
789,1,1,Tier-3,1,15,Semi,1189538
686,2,1,Tier-3,1,17,Semi,936469
563,2,1,Tier-3,0,5,Unfurnished,549265
1007,3,2,Tier-2,1,3,Semi,3045434
834,2,2,Tier-3,1,9,Unfurnished,744989
1292,2,2,Tier-2,2,5,Semi,3367614
584,1,1,Tier-3,1,9,Unfurnished,624991
410,1,2,Tier-3,1,16,Unfurnished,559605
524,1,2,Tier-3,1,19,Semi,648918
1407,3,2,Tier-2,2,9,Furnished,4950807
982,2,2,Tier-3,0,13,Semi,1015556
681,2,2,Tier-3,0,9,Semi,882565
938,2,2,Tier-3,0,7,Semi,1074012
893,1,1,Tier-3,1,11,Unfurnished,796682
4199,3,3,Tier-1,2,3,Furnished,21315690
923,2,2,Tier-3,0,20,Unfurnished,800594
960,2,2,Tier-3,1,11,Unfurnished,910415
881,1,2,Tier-3,0,17,Unfurnished,812086
680,2,1,Tier-3,0,15,Unfurnished,1012919
4836,3,4,Tier-1,3,2,Furnished,35406487
541,1,2,Tier-3,0,19,Semi,474945
1352,2,3,Tier-2,1,4,Furnished,4519525
724,1,2,Tier-3,0,6,Semi,986424
522,2,1,Tier-3,0,15,Unfurnished,695995
1076,3,3,Tier-2,1,4,Semi,2868678
976,1,2,Tier-3,0,8,Semi,1096723
3832,4,4,Tier-1,3,4,Furnished,24111401
700,2,1,Tier-3,0,15,Semi,958539
708,1,1,Tier-3,1,13,Semi,568139
874,2,2,Tier-3,1,11,Semi,1250529
509,1,2,Tier-3,0,7,Semi,616911
981,1,2,Tier-3,0,5,Semi,1218628
475,2,2,Tier-3,1,8,Semi,516499
761,2,1,Tier-3,0,15,Unfurnished,1075331
849,1,2,Tier-3,1,19,Semi,1184406
412,2,1,Tier-3,1,9,Unfurnished,381823
418,1,2,Tier-3,1,17,Semi,602120
609,2,2,Tier-3,0,12,Semi,893001
2839,6,4,Tier-1,3,5,Furnished,17684019
1181,3,3,Tier-2,1,8,Semi,3241221
1473,2,2,Tier-2,2,10,Furnished,4194041
736,2,2,Tier-3,1,13,Unfurnished,836884
943,1,2,Tier-3,0,9,Semi,1341367
1862,2,3,Tier-2,1,3,Semi,4537082
834,1,2,Tier-3,1,12,Semi,955638
537,2,1,Tier-3,1,11,Unfurnished,731496
914,2,2,Tier-3,0,12,Semi,1301336
425,1,1,Tier-3,0,19,Unfurnished,472076
4536,5,5,Tier-1,2,2,Furnished,30678001
840,1,1,Tier-3,1,9,Semi,977217
772,1,1,Tier-3,1,18,Unfurnished,1074382
2118,3,3,Tier-2,1,2,Semi,4900457
899,1,1,Tier-3,0,15,Unfurnished,754850
761,2,1,Tier-3,1,18,Unfurnished,1129308
572,1,1,Tier-3,0,8,Semi,747792
868,2,1,Tier-3,0,18,Semi,796500
4566,4,3,Tier-1,2,0,Furnished,27853621
1434,2,2,Tier-2,1,10,Furnished,4361665
2143,2,2,Tier-2,1,4,Semi,5738655
4992,5,5,Tier-1,3,3,Furnished,44878178
511,1,2,Tier-3,0,12,Semi,594397
2872,6,5,Tier-1,2,1,Furnished,23737981
794,1,2,Tier-3,1,10,Unfurnished,743174
706,1,2,Tier-3,1,13,Unfurnished,755588
1255,2,2,Tier-2,2,6,Furnished,4442166
2166,3,2,Tier-2,1,7,Semi,4811425
2025,3,3,Tier-2,2,6,Semi,5484584
2979,6,4,Tier-1,3,5,Furnished,22674883
930,1,1,Tier-3,0,13,Semi,1011595
614,1,2,Tier-3,1,19,Semi,749023
817,1,2,Tier-3,0,10,Semi,954381
1427,3,3,Tier-2,2,10,Semi,4357782
828,2,2,Tier-3,0,12,Unfurnished,933131
411,2,1,Tier-3,1,9,Semi,424844
2987,3,4,Tier-1,2,0,Furnished,16732687
1870,3,3,Tier-2,1,2,Semi,6984443
2608,5,4,Tier-1,3,0,Furnished,21647615
3046,4,5,Tier-1,2,3,Furnished,20598930
689,2,2,Tier-3,0,12,Semi,892886
563,1,2,Tier-3,1,18,Unfurnished,720013
681,2,1,Tier-3,1,13,Unfurnished,833138
604,1,1,Tier-3,0,11,Semi,566054
1732,2,3,Tier-2,1,6,Furnished,3997180
1154,2,3,Tier-2,1,9,Furnished,3004080
1090,2,3,Tier-2,2,8,Semi,3545222
2912,3,3,Tier-1,3,5,Furnished,19437029
647,1,2,Tier-3,0,20,Semi,727757
1685,3,3,Tier-2,1,6,Semi,3501641
694,1,1,Tier-3,0,7,Semi,780943
3402,5,3,Tier-1,3,2,Furnished,21051182
2018,2,3,Tier-2,1,2,Semi,5490282
962,2,1,Tier-3,1,14,Unfurnished,1181196
610,1,2,Tier-3,1,8,Unfurnished,570675
608,2,2,Tier-3,1,20,Unfurnished,891435
777,1,2,Tier-3,0,17,Unfurnished,895843
646,1,1,Tier-3,0,8,Unfurnished,520143
4949,4,5,Tier-1,3,3,Furnished,42369698
4679,4,3,Tier-1,2,4,Furnished,24324294
861,2,1,Tier-3,0,11,Semi,1043953
924,1,2,Tier-3,0,15,Unfurnished,1206141
482,1,1,Tier-3,1,14,Unfurnished,497796
702,1,2,Tier-3,1,19,Unfurnished,580765
1350,3,2,Tier-2,1,6,Semi,3725145
901,1,2,Tier-3,0,13,Unfurnished,876525
1798,2,2,Tier-2,2,8,Semi,5571492
4599,6,5,Tier-1,3,4,Furnished,25356272
4286,3,5,Tier-1,2,5,Furnished,33999968
741,1,2,Tier-3,1,6,Unfurnished,945335
1853,2,2,Tier-2,1,2,Furnished,6488538
567,2,1,Tier-3,0,16,Semi,619815
4549,5,4,Tier-1,3,4,Furnished,40857702
742,2,2,Tier-3,1,18,Semi,781586
644,1,1,Tier-3,1,11,Semi,607169
737,2,2,Tier-3,0,8,Unfurnished,1038896
404,2,2,Tier-3,0,14,Semi,333884
2850,3,4,Tier-1,2,4,Furnished,20126276
981,2,1,Tier-3,1,10,Unfurnished,1188690
1615,3,3,Tier-2,1,9,Semi,3520655
531,2,2,Tier-3,0,19,Semi,604204
796,2,1,Tier-3,0,8,Semi,771381
781,2,1,Tier-3,0,19,Semi,809796
1022,3,3,Tier-2,2,5,Semi,3628790
692,1,1,Tier-3,1,10,Semi,1027288
1789,3,3,Tier-2,1,10,Furnished,6530445
1096,3,3,Tier-2,1,9,Furnished,4250807
532,2,1,Tier-3,1,5,Unfurnished,784983
625,1,1,Tier-3,1,9,Semi,788450
1449,3,2,Tier-2,2,10,Semi,2914087
473,1,1,Tier-3,0,6,Semi,677125
926,2,1,Tier-3,0,7,Unfurnished,892449
514,1,1,Tier-3,0,9,Unfurnished,464063
832,2,2,Tier-3,0,17,Unfurnished,1141526
554,1,1,Tier-3,1,9,Unfurnished,631276
607,1,1,Tier-3,0,11,Unfurnished,510275
2182,3,2,Tier-2,1,6,Furnished,7559214
707,2,2,Tier-3,0,14,Unfurnished,970978
2566,3,3,Tier-1,2,4,Furnished,18776195
784,1,1,Tier-3,1,8,Unfurnished,723857
524,2,2,Tier-3,0,18,Semi,636594
432,1,2,Tier-3,1,15,Unfurnished,461311
2134,3,3,Tier-2,1,6,Semi,8278632
840,2,1,Tier-3,1,7,Semi,916860
605,2,1,Tier-3,0,19,Semi,561325
916,1,2,Tier-3,0,8,Unfurnished,1037657
561,1,2,Tier-3,1,15,Semi,689873
1288,2,3,Tier-2,1,8,Semi,3321948
1916,2,2,Tier-2,2,2,Semi,5815403
813,2,2,Tier-3,1,20,Semi,790847
526,1,1,Tier-3,0,19,Semi,437983
429,1,1,Tier-3,0,20,Unfurnished,503676
1824,3,3,Tier-2,1,5,Furnished,4115737
1785,3,3,Tier-2,1,6,Furnished,6185563
481,2,1,Tier-3,1,10,Semi,717953
1320,3,3,Tier-2,2,6,Semi,4777270
928,2,2,Tier-3,0,11,Unfurnished,1309094
1967,2,3,Tier-2,1,5,Semi,7717074
808,1,2,Tier-3,1,18,Semi,837441
570,1,2,Tier-3,0,20,Unfurnished,859657
660,2,2,Tier-3,0,11,Unfurnished,831572
408,1,2,Tier-3,0,17,Semi,611383
4308,5,4,Tier-1,2,0,Furnished,24377383
722,2,1,Tier-3,0,7,Unfurnished,958805
837,2,2,Tier-3,1,10,Semi,823215
681,1,2,Tier-3,0,14,Unfurnished,1023269
950,1,2,Tier-3,1,5,Semi,1324084
844,1,1,Tier-3,0,5,Semi,1037185
769,2,2,Tier-3,0,16,Semi,905606
1000,1,1,Tier-3,1,10,Unfurnished,829580
2680,4,4,Tier-1,2,3,Furnished,17512930
457,1,1,Tier-3,0,13,Unfurnished,455786
1228,2,3,Tier-2,1,8,Semi,4870570
461,2,1,Tier-3,1,19,Semi,655259
991,2,2,Tier-3,1,10,Semi,982984
4490,6,3,Tier-1,2,2,Furnished,35366803
764,2,2,Tier-3,0,13,Semi,1066642
476,2,1,Tier-3,1,18,Unfurnished,491643
479,1,1,Tier-3,1,9,Unfurnished,564448
835,2,2,Tier-3,0,17,Unfurnished,1103058
484,2,1,Tier-3,1,9,Semi,625811
1909,2,2,Tier-2,1,3,Semi,6026607
443,2,1,Tier-3,1,19,Semi,572547
587,1,2,Tier-3,1,13,Semi,601328
401,2,1,Tier-3,1,19,Unfurnished,450143
1457,2,3,Tier-2,2,5,Furnished,3886162
409,2,1,Tier-3,0,6,Semi,397355
3052,6,5,Tier-1,2,5,Furnished,19513937
1097,2,2,Tier-2,2,2,Furnished,3524813
1791,2,3,Tier-2,1,8,Semi,7103670
615,2,1,Tier-3,0,19,Unfurnished,930259
2058,2,3,Tier-2,1,8,Furnished,5209167
780,2,2,Tier-3,1,8,Semi,721489
817,1,1,Tier-3,1,5,Semi,796969
3084,5,4,Tier-1,3,0,Furnished,18410312
2584,4,5,Tier-1,3,1,Furnished,13388774
709,1,2,Tier-3,1,5,Semi,601382
686,1,2,Tier-3,0,18,Semi,1046842
732,1,1,Tier-3,0,20,Unfurnished,615749
609,2,1,Tier-3,1,20,Unfurnished,871001
416,2,1,Tier-3,0,7,Unfurnished,531703
796,2,1,Tier-3,1,6,Semi,813096
1196,3,3,Tier-2,1,3,Furnished,4063710
4934,6,4,Tier-1,3,1,Furnished,37290638
602,1,2,Tier-3,1,17,Semi,883229
2893,5,4,Tier-1,3,5,Furnished,23581217
973,2,1,Tier-3,1,19,Unfurnished,1118740
926,2,1,Tier-3,1,7,Unfurnished,1253295
2736,4,5,Tier-1,2,5,Furnished,19090661
3517,6,5,Tier-1,3,2,Furnished,22607273
767,1,2,Tier-3,0,13,Semi,603100
883,2,2,Tier-3,0,7,Semi,931357
956,2,1,Tier-3,0,5,Unfurnished,983284
1810,2,3,Tier-2,2,7,Furnished,7237728
993,2,1,Tier-3,1,6,Semi,1162735
4237,6,3,Tier-1,2,1,Furnished,37084738
625,1,2,Tier-3,0,18,Unfurnished,824892
2070,2,2,Tier-2,1,3,Semi,7528788
442,2,2,Tier-3,1,8,Semi,358973
1863,3,2,Tier-2,2,2,Semi,5035072
1151,3,2,Tier-2,2,8,Furnished,2337502
1446,2,2,Tier-2,2,5,Semi,4998284
655,1,1,Tier-3,1,6,Semi,551919
632,2,2,Tier-3,0,8,Semi,552519
1879,2,3,Tier-2,1,6,Semi,6934015
555,2,2,Tier-3,1,16,Unfurnished,765100
1473,3,3,Tier-2,1,7,Semi,4551853
648,2,2,Tier-3,1,13,Semi,859736
491,2,1,Tier-3,1,12,Unfurnished,592925
772,2,1,Tier-3,1,14,Semi,1075605
561,2,2,Tier-3,1,15,Unfurnished,620680
848,1,2,Tier-3,0,6,Unfurnished,1216662
799,2,1,Tier-3,0,14,Unfurnished,1077106
521,2,2,Tier-3,1,15,Semi,519433
1912,2,2,Tier-2,2,9,Furnished,4454096
1260,3,3,Tier-2,1,9,Furnished,3167505
1006,2,2,Tier-2,1,6,Furnished,3769842
3204,3,5,Tier-1,2,1,Furnished,25674233
1224,3,3,Tier-2,1,7,Semi,4757258
3327,5,5,Tier-1,2,1,Furnished,25509536
816,2,1,Tier-3,0,8,Unfurnished,953823
935,1,2,Tier-3,1,16,Unfurnished,796773
471,1,2,Tier-3,1,7,Semi,604115
941,1,1,Tier-3,0,7,Unfurnished,1095646
753,2,1,Tier-3,1,15,Unfurnished,803870
414,1,2,Tier-3,1,6,Unfurnished,510196
600,1,1,Tier-3,0,19,Unfurnished,757425
4924,5,5,Tier-1,2,2,Furnished,27516460
1363,2,3,Tier-2,2,5,Furnished,5379262
951,2,1,Tier-3,1,13,Unfurnished,1148626
537,1,2,Tier-3,1,6,Semi,539914
1614,2,3,Tier-2,1,9,Semi,4733474
412,1,1,Tier-3,0,11,Unfurnished,490342
643,2,1,Tier-3,1,14,Semi,654463
495,2,1,Tier-3,0,20,Semi,395138
549,1,1,Tier-3,0,8,Unfurnished,708963
1715,3,3,Tier-2,1,4,Furnished,4578312
927,1,1,Tier-3,1,6,Unfurnished,808224
1705,2,3,Tier-2,1,3,Furnished,5782089
771,1,1,Tier-3,1,14,Unfurnished,1152249
436,2,1,Tier-3,0,5,Semi,639382
1731,3,3,Tier-2,1,9,Semi,5615991
436,2,2,Tier-3,1,20,Unfurnished,446489
403,2,1,Tier-3,0,10,Unfurnished,497108
2053,3,3,Tier-2,2,4,Furnished,6910726
648,1,1,Tier-3,0,12,Unfurnished,685262
1762,3,3,Tier-2,2,8,Furnished,5973810
721,2,1,Tier-3,0,18,Unfurnished,831877
682,2,2,Tier-3,0,16,Unfurnished,795215
4858,4,5,Tier-1,3,1,Furnished,31230268
523,2,2,Tier-3,0,15,Semi,442811
453,2,1,Tier-3,1,11,Unfurnished,544124
671,2,2,Tier-3,0,17,Semi,574468
4896,3,5,Tier-1,3,5,Furnished,42817261
871,2,2,Tier-3,1,14,Unfurnished,998151
601,1,1,Tier-3,0,11,Semi,843441
637,1,2,Tier-3,1,7,Semi,677291
3661,3,4,Tier-1,2,2,Furnished,19604921
537,2,1,Tier-3,1,11,Unfurnished,551557
759,2,2,Tier-3,1,18,Semi,645570
910,2,1,Tier-3,0,9,Unfurnished,781249
768,1,2,Tier-3,1,17,Semi,669881
1111,2,2,Tier-2,2,2,Furnished,3620794
769,2,1,Tier-3,0,20,Unfurnished,1076518
2128,2,3,Tier-2,1,10,Semi,5777098
500,1,2,Tier-3,0,7,Unfurnished,554652
546,1,1,Tier-3,0,15,Semi,783463
929,2,1,Tier-3,0,8,Unfurnished,1198484
825,1,2,Tier-3,1,16,Unfurnished,810792
992,2,2,Tier-3,1,20,Semi,912407
743,2,2,Tier-3,1,9,Semi,877763
825,1,1,Tier-3,1,9,Semi,832963
566,1,2,Tier-3,1,6,Unfurnished,701672
687,1,1,Tier-3,0,20,Unfurnished,901293
2019,3,3,Tier-2,1,8,Semi,4292149
933,2,1,Tier-3,0,10,Semi,888672
741,1,1,Tier-3,1,14,Unfurnished,1054056
491,1,2,Tier-3,1,10,Unfurnished,524622
4413,4,4,Tier-1,2,5,Furnished,34650421
3050,5,5,Tier-1,3,0,Furnished,18452701
501,1,2,Tier-3,1,10,Semi,664839
1275,3,2,Tier-2,2,7,Semi,4234639
4601,6,5,Tier-1,3,4,Furnished,37711627
676,2,2,Tier-3,0,17,Unfurnished,576324
674,1,1,Tier-3,0,14,Semi,627499
446,1,2,Tier-3,1,18,Unfurnished,656799
1030,2,3,Tier-2,1,6,Furnished,3996603
796,2,2,Tier-3,1,16,Semi,1063271
669,1,1,Tier-3,1,9,Unfurnished,879171
540,2,1,Tier-3,0,12,Semi,709345
1766,2,2,Tier-2,2,3,Semi,6413004
1075,3,2,Tier-2,1,5,Semi,3528910
4332,4,3,Tier-1,2,3,Furnished,31098757
524,2,2,Tier-3,0,18,Semi,540358
972,1,1,Tier-3,0,6,Semi,1246984
1390,3,2,Tier-2,1,8,Furnished,3446355
3034,5,5,Tier-1,2,3,Furnished,18777307
1657,2,2,Tier-2,1,2,Furnished,3747848
701,2,2,Tier-3,1,15,Unfurnished,973802
510,1,1,Tier-3,1,16,Semi,606819
2183,2,3,Tier-2,1,8,Furnished,5961901
1920,3,3,Tier-2,2,8,Furnished,5635061
1959,3,2,Tier-2,1,4,Semi,4261291
583,2,2,Tier-3,1,14,Semi,663196
431,2,1,Tier-3,1,14,Unfurnished,456370
943,2,1,Tier-3,1,15,Semi,1202711
648,2,2,Tier-3,1,8,Semi,510985
507,1,1,Tier-3,1,7,Semi,716042
2850,6,4,Tier-1,3,0,Furnished,21257730
1505,3,2,Tier-2,1,2,Semi,5266791
905,2,1,Tier-3,1,19,Unfurnished,832792
517,1,2,Tier-3,1,13,Semi,688090
1212,2,3,Tier-2,1,8,Semi,2564651
533,2,2,Tier-3,0,17,Semi,685221
476,2,2,Tier-3,1,6,Unfurnished,620466
593,2,1,Tier-3,0,19,Semi,668131
2002,2,3,Tier-2,2,5,Furnished,5855355
530,1,2,Tier-3,0,13,Unfurnished,749135
2634,4,3,Tier-1,2,2,Furnished,23401428
417,2,1,Tier-3,1,6,Unfurnished,379747
2178,3,2,Tier-2,1,10,Furnished,7865844
726,1,1,Tier-3,1,18,Unfurnished,1077243
1998,2,2,Tier-2,2,2,Furnished,4535963
665,2,2,Tier-3,0,9,Semi,997036
800,2,2,Tier-3,1,10,Semi,804502
479,1,2,Tier-3,0,6,Semi,421858
1332,3,3,Tier-2,2,8,Semi,4270009
691,2,1,Tier-3,0,14,Semi,736673
1033,3,2,Tier-2,2,3,Furnished,3391417
4702,6,4,Tier-1,3,1,Furnished,34330715
559,1,2,Tier-3,0,20,Semi,523296
1562,3,3,Tier-2,1,8,Semi,5290025
4321,4,5,Tier-1,2,4,Furnished,31200264
1348,3,3,Tier-2,2,7,Semi,3731445
1812,2,3,Tier-2,2,4,Furnished,4844631
932,2,1,Tier-3,1,8,Semi,922672
3210,5,3,Tier-1,2,0,Furnished,28657200
2184,2,3,Tier-2,2,9,Furnished,6998795
449,1,2,Tier-3,1,18,Unfurnished,545802
1562,2,3,Tier-2,2,3,Furnished,3671023
3705,6,4,Tier-1,2,1,Furnished,21304610
633,1,1,Tier-3,1,13,Semi,528819
979,2,2,Tier-3,1,9,Unfurnished,1323884
497,1,2,Tier-3,1,10,Unfurnished,606703
2638,5,3,Tier-1,3,1,Furnished,17242311
4013,6,3,Tier-1,3,5,Furnished,27235937
974,2,2,Tier-3,1,8,Unfurnished,1160859
451,2,1,Tier-3,0,11,Unfurnished,635400
909,2,2,Tier-3,1,9,Unfurnished,753276
840,1,2,Tier-3,0,17,Semi,1130833
3588,5,5,Tier-1,3,5,Furnished,24117062
2133,3,2,Tier-2,2,2,Semi,5649886
591,2,1,Tier-3,0,20,Unfurnished,752875
563,2,2,Tier-3,0,20,Unfurnished,497093
510,2,2,Tier-3,0,10,Unfurnished,484544
418,1,2,Tier-3,1,19,Unfurnished,607924
3991,6,3,Tier-1,2,3,Furnished,29720521
965,2,2,Tier-3,1,19,Unfurnished,1086134
2082,2,2,Tier-2,1,7,Furnished,4880466
1812,2,3,Tier-2,1,8,Semi,6909856
981,1,2,Tier-3,0,20,Unfurnished,867720
930,2,2,Tier-3,0,17,Unfurnished,1099690
930,2,1,Tier-3,0,5,Semi,929167
883,1,2,Tier-3,0,20,Semi,1006429
816,2,2,Tier-3,0,13,Semi,1099774
832,2,1,Tier-3,0,18,Semi,675783
855,1,2,Tier-3,0,20,Unfurnished,1107797
1594,3,2,Tier-2,2,8,Furnished,3204281
1447,3,3,Tier-2,2,5,Furnished,3404551
834,2,1,Tier-3,0,13,Semi,892353
594,1,2,Tier-3,0,20,Unfurnished,742147
2821,4,4,Tier-1,3,5,Furnished,24347788
1926,3,3,Tier-2,2,5,Semi,7472272
4919,4,4,Tier-1,2,3,Furnished,44107623
534,2,2,Tier-3,1,14,Semi,783204
3756,6,4,Tier-1,3,0,Furnished,25817017
738,1,1,Tier-3,1,13,Unfurnished,1045201
936,1,2,Tier-3,1,18,Semi,1180431
4079,6,4,Tier-1,2,4,Furnished,21088504
616,2,2,Tier-3,0,11,Semi,900778
3660,6,5,Tier-1,3,3,Furnished,24050077
406,2,2,Tier-3,0,17,Semi,612865
1220,2,2,Tier-2,1,5,Semi,4317135
932,1,1,Tier-3,1,18,Semi,1190782
416,1,2,Tier-3,0,16,Semi,569963
1029,3,3,Tier-2,2,2,Furnished,3316031
428,2,1,Tier-3,0,6,Unfurnished,644466
990,1,2,Tier-3,0,17,Semi,1223439
2740,4,4,Tier-1,2,4,Furnished,14514364
1316,2,3,Tier-2,2,6,Furnished,2839010
650,2,2,Tier-3,0,14,Semi,777947
782,1,2,Tier-3,1,10,Semi,1069406
1019,3,3,Tier-2,1,9,Semi,3160767
585,2,1,Tier-3,1,20,Unfurnished,597927
2813,5,5,Tier-1,3,3,Furnished,21445174
838,2,1,Tier-3,1,11,Semi,1054612
651,1,1,Tier-3,1,16,Semi,582956
533,1,1,Tier-3,0,10,Semi,670441
534,2,1,Tier-3,0,19,Unfurnished,625996
2565,6,4,Tier-1,3,1,Furnished,18712834
834,1,1,Tier-3,1,16,Semi,963579
1167,2,3,Tier-2,1,2,Semi,3582933
805,2,2,Tier-3,1,14,Semi,838476
796,1,2,Tier-3,1,11,Semi,1129696
986,1,1,Tier-3,1,6,Semi,963590
1509,3,2,Tier-2,1,9,Semi,3687109
1907,2,3,Tier-2,1,3,Semi,7442385
699,1,1,Tier-3,1,5,Unfurnished,673207
894,2,2,Tier-3,1,8,Unfurnished,1237059
423,2,1,Tier-3,0,16,Semi,369465
879,2,1,Tier-3,1,12,Semi,1176122
3954,6,4,Tier-1,3,3,Furnished,28057703
4842,5,4,Tier-1,3,4,Furnished,28121200
946,1,1,Tier-3,0,14,Unfurnished,853120
751,1,1,Tier-3,0,12,Semi,1041789
752,1,1,Tier-3,0,10,Unfurnished,833181
766,2,1,Tier-3,0,20,Semi,703921
1348,2,3,Tier-2,1,8,Semi,4435272
627,2,2,Tier-3,1,5,Unfurnished,567833
916,2,2,Tier-3,0,14,Semi,774372
497,1,2,Tier-3,1,5,Unfurnished,416262
2006,3,2,Tier-2,2,2,Semi,6935276
514,2,1,Tier-3,1,20,Unfurnished,748732
931,1,2,Tier-3,1,6,Unfurnished,912540
892,1,2,Tier-3,0,15,Unfurnished,838210
697,2,1,Tier-3,0,9,Semi,761517
2045,3,3,Tier-2,2,2,Furnished,6587346
522,1,2,Tier-3,1,9,Semi,589807
434,1,1,Tier-3,0,7,Semi,467434
3566,6,4,Tier-1,3,2,Furnished,28159437
586,1,1,Tier-3,1,8,Semi,737936
920,1,1,Tier-3,0,6,Unfurnished,1176870
997,2,1,Tier-3,1,9,Unfurnished,1014430
2104,2,3,Tier-2,2,9,Semi,7835156
2762,4,3,Tier-1,3,4,Furnished,20093807
611,2,1,Tier-3,1,7,Semi,669378
500,1,2,Tier-3,0,5,Unfurnished,631292
868,1,1,Tier-3,1,17,Unfurnished,790710
458,2,2,Tier-3,1,9,Semi,533172
897,2,2,Tier-3,1,10,Semi,966238
3773,3,3,Tier-1,2,1,Furnished,19915200
529,2,2,Tier-3,0,19,Unfurnished,751190
4408,3,4,Tier-1,3,3,Furnished,37211764
829,1,1,Tier-3,1,11,Semi,881713
735,2,2,Tier-3,0,10,Semi,1089777
667,1,2,Tier-3,1,6,Semi,557585
527,2,2,Tier-3,0,20,Semi,771877
647,2,1,Tier-3,1,9,Semi,937633
1742,2,2,Tier-2,2,8,Semi,6687970
1738,2,3,Tier-2,2,4,Furnished,3478362
630,2,1,Tier-3,0,7,Unfurnished,513260
3779,3,3,Tier-1,3,2,Furnished,22858857
483,1,1,Tier-3,1,14,Semi,390374
2025,2,3,Tier-2,2,6,Furnished,8063112
514,2,1,Tier-3,1,15,Semi,680322
964,1,1,Tier-3,1,5,Unfurnished,1154897
494,2,2,Tier-3,1,7,Semi,484247
3035,4,3,Tier-1,2,1,Furnished,24424695
1184,3,2,Tier-2,1,6,Semi,3190245
1488,2,3,Tier-2,2,9,Semi,5134708
872,2,2,Tier-3,0,18,Semi,1093277
770,2,1,Tier-3,1,12,Semi,859330
471,2,2,Tier-3,0,7,Semi,662037
2178,3,3,Tier-2,2,4,Furnished,7426661
1752,2,2,Tier-2,1,9,Furnished,4214390
1848,3,3,Tier-2,1,6,Furnished,6835481
623,1,1,Tier-3,0,17,Unfurnished,785065
634,1,1,Tier-3,1,12,Semi,886367
3522,6,5,Tier-1,3,1,Furnished,25614250
763,1,2,Tier-3,0,19,Unfurnished,915743
517,1,1,Tier-3,0,15,Semi,672039
515,1,1,Tier-3,0,20,Unfurnished,565860
796,2,2,Tier-3,0,7,Semi,979223
1028,2,2,Tier-2,1,7,Semi,4025318
422,2,2,Tier-3,1,7,Semi,572602
885,1,2,Tier-3,1,20,Unfurnished,1025952
724,2,2,Tier-3,1,17,Unfurnished,678912
1683,2,2,Tier-2,1,9,Furnished,5986529
432,1,2,Tier-3,0,10,Semi,428214
1836,3,2,Tier-2,1,9,Furnished,5793437
2087,3,2,Tier-2,2,9,Furnished,5191832
450,1,1,Tier-3,1,14,Semi,444927
881,1,1,Tier-3,1,17,Semi,1296486
633,2,2,Tier-3,0,11,Unfurnished,786386
1246,2,3,Tier-2,1,9,Furnished,4209460
510,2,1,Tier-3,0,16,Unfurnished,423249
427,2,1,Tier-3,0,11,Unfurnished,529991
642,1,1,Tier-3,1,7,Unfurnished,891671
562,2,1,Tier-3,1,16,Unfurnished,583424
745,2,2,Tier-3,0,13,Unfurnished,792067
724,1,1,Tier-3,0,15,Semi,946598
431,1,2,Tier-3,1,18,Semi,345954
546,1,2,Tier-3,0,6,Unfurnished,434021
811,2,1,Tier-3,0,5,Semi,1003052
871,2,1,Tier-3,1,12,Unfurnished,1302813
2170,2,2,Tier-2,2,9,Semi,7051444
1233,3,3,Tier-2,2,3,Semi,3376611
2128,2,3,Tier-2,2,7,Semi,4541612
577,2,1,Tier-3,0,11,Semi,605619
1374,2,3,Tier-2,2,8,Furnished,3949994
624,2,2,Tier-3,0,17,Semi,892547
817,2,1,Tier-3,0,10,Semi,764533
851,2,2,Tier-3,1,16,Semi,965740
535,1,1,Tier-3,0,7,Semi,604682
462,1,2,Tier-3,1,7,Semi,451802
3418,5,3,Tier-1,3,5,Furnished,20100935
3312,6,4,Tier-1,3,0,Furnished,17762355
467,1,2,Tier-3,1,9,Unfurnished,441429
3910,3,3,Tier-1,2,2,Furnished,25443493
3900,6,5,Tier-1,2,0,Furnished,32469648
463,1,2,Tier-3,0,19,Unfurnished,376735
4443,5,4,Tier-1,3,1,Furnished,30956651
865,1,2,Tier-3,0,5,Unfurnished,1217767
1376,3,2,Tier-2,2,3,Semi,2926565
3434,6,5,Tier-1,3,5,Furnished,20597281
416,1,2,Tier-3,1,12,Semi,368046
601,2,2,Tier-3,1,15,Semi,600370
3079,6,5,Tier-1,3,5,Furnished,27106808
931,1,2,Tier-3,0,8,Semi,1150295
905,2,1,Tier-3,0,13,Unfurnished,1350386
485,2,2,Tier-3,0,17,Unfurnished,495415
818,1,2,Tier-3,1,11,Unfurnished,959622
2006,2,3,Tier-2,1,8,Furnished,4900544
2931,6,3,Tier-1,3,3,Furnished,20114311
774,1,2,Tier-3,0,16,Unfurnished,654595
715,2,2,Tier-3,1,13,Semi,861062
1231,2,3,Tier-2,2,7,Semi,4820649
659,2,2,Tier-3,0,12,Semi,539239
1001,3,3,Tier-2,1,9,Furnished,3649486
960,2,2,Tier-3,1,17,Semi,1072495
1511,3,3,Tier-2,2,2,Furnished,5495134
765,2,2,Tier-3,1,6,Semi,626840
1906,3,2,Tier-2,1,5,Furnished,6890114
718,1,2,Tier-3,1,5,Semi,864781
1681,2,3,Tier-2,1,6,Semi,3675597
645,2,2,Tier-3,1,6,Unfurnished,746073
730,2,2,Tier-3,0,20,Semi,716715
918,1,1,Tier-3,1,14,Semi,751660
680,2,2,Tier-3,0,5,Semi,619012
611,1,1,Tier-3,1,15,Semi,569263
459,2,1,Tier-3,1,15,Semi,675426
881,1,2,Tier-3,0,12,Semi,1242598
697,1,1,Tier-3,0,14,Unfurnished,719706
737,2,1,Tier-3,1,18,Unfurnished,959776
1634,2,2,Tier-2,2,3,Furnished,6182667
931,1,1,Tier-3,0,17,Semi,1252279
4403,6,5,Tier-1,3,5,Furnished,29018415
929,2,2,Tier-3,0,17,Semi,845825
820,1,2,Tier-3,0,18,Unfurnished,733520
976,2,2,Tier-3,1,20,Semi,1414635
579,2,1,Tier-3,1,14,Semi,669050
401,1,1,Tier-3,1,12,Unfurnished,524656
985,1,1,Tier-3,0,15,Unfurnished,1080698
919,1,2,Tier-3,0,16,Unfurnished,1369206
1189,3,3,Tier-2,1,5,Furnished,3223544
665,2,2,Tier-3,0,20,Unfurnished,619641
679,2,2,Tier-3,1,5,Unfurnished,851571
998,2,2,Tier-3,1,18,Unfurnished,1053573
1966,2,3,Tier-2,1,7,Furnished,6302627
828,1,1,Tier-3,1,9,Semi,877862
1699,3,2,Tier-2,2,9,Semi,4239492
998,1,2,Tier-3,1,13,Semi,1468861
2548,4,3,Tier-1,2,3,Furnished,18595614
2189,2,2,Tier-2,1,2,Furnished,8663942
449,2,2,Tier-3,0,5,Unfurnished,581435
4388,4,5,Tier-1,2,5,Furnished,38447062
887,1,2,Tier-3,0,17,Semi,807554
797,2,1,Tier-3,1,17,Unfurnished,1054200
838,2,2,Tier-3,0,7,Unfurnished,1183225
1365,3,2,Tier-2,1,2,Furnished,3370083
635,1,2,Tier-3,1,5,Semi,798809
709,2,2,Tier-3,1,9,Semi,967893
454,2,2,Tier-3,1,20,Semi,531636
617,2,2,Tier-3,1,11,Semi,871517
2180,3,2,Tier-2,2,2,Furnished,6421008
2017,2,3,Tier-2,2,8,Semi,7701262
564,2,1,Tier-3,0,10,Semi,542747
723,2,2,Tier-3,1,12,Unfurnished,745680
909,1,1,Tier-3,0,17,Semi,805318
672,1,1,Tier-3,1,15,Unfurnished,723081
779,1,2,Tier-3,1,5,Unfurnished,756187
1923,3,2,Tier-2,1,4,Semi,5758370
1398,2,2,Tier-2,2,5,Semi,4258649
2158,2,2,Tier-2,1,9,Semi,7861460
641,1,2,Tier-3,1,6,Unfurnished,551390
1966,2,2,Tier-2,2,6,Furnished,5092735
3311,5,4,Tier-1,3,3,Furnished,24258485
682,2,2,Tier-3,1,19,Unfurnished,925406
744,2,2,Tier-3,0,18,Semi,682960
796,1,1,Tier-3,1,20,Unfurnished,1169136
3535,5,4,Tier-1,2,5,Furnished,31137461
4582,3,3,Tier-1,3,2,Furnished,25235273
3563,6,4,Tier-1,3,2,Furnished,29517177
735,2,2,Tier-3,1,11,Unfurnished,1039749
541,2,1,Tier-3,1,19,Unfurnished,800326
613,1,2,Tier-3,0,12,Unfurnished,789343
661,2,2,Tier-3,1,19,Unfurnished,712194
403,1,2,Tier-3,1,11,Semi,469886
638,1,2,Tier-3,1,15,Unfurnished,507857
650,2,1,Tier-3,1,15,Unfurnished,833739
721,1,1,Tier-3,0,5,Unfurnished,855503
597,2,2,Tier-3,0,10,Unfurnished,761290
2012,3,2,Tier-2,2,3,Semi,7892805
1840,2,2,Tier-2,2,9,Furnished,6324961
3269,4,5,Tier-1,3,4,Furnished,16815292
539,1,2,Tier-3,1,17,Semi,665253
857,1,2,Tier-3,0,14,Semi,865568
555,2,2,Tier-3,0,12,Semi,603350
495,2,2,Tier-3,1,15,Unfurnished,646093
1541,2,2,Tier-2,2,2,Furnished,5407575
4684,6,3,Tier-1,2,2,Furnished,36683877
486,2,1,Tier-3,0,19,Unfurnished,514579
884,1,2,Tier-3,1,20,Unfurnished,1268795
894,1,1,Tier-3,0,15,Semi,1096686
1946,2,2,Tier-2,1,6,Furnished,4402745
973,1,2,Tier-3,1,12,Unfurnished,1163971
738,1,2,Tier-3,0,14,Unfurnished,1026548
440,1,1,Tier-3,1,5,Semi,466138
846,1,1,Tier-3,0,13,Semi,1206205
1519,2,3,Tier-2,1,7,Semi,4823838
739,2,1,Tier-3,0,6,Semi,688978
3974,4,5,Tier-1,2,0,Furnished,26738548
900,1,1,Tier-3,0,6,Semi,1116056
2964,3,3,Tier-1,2,2,Furnished,16291015
445,2,2,Tier-3,1,17,Unfurnished,498533
2050,3,2,Tier-2,2,3,Semi,6093751
701,2,2,Tier-3,0,10,Unfurnished,721334
3191,3,4,Tier-1,3,5,Furnished,16264608
1668,3,3,Tier-2,1,3,Furnished,6443270
437,1,1,Tier-3,0,16,Semi,415859
868,2,1,Tier-3,1,19,Semi,1189729
1207,2,2,Tier-2,2,10,Semi,4130562
712,1,2,Tier-3,0,13,Unfurnished,576609
472,2,2,Tier-3,1,12,Semi,521818
983,1,2,Tier-3,0,18,Semi,1299810
522,2,1,Tier-3,1,12,Semi,659369
582,2,2,Tier-3,0,8,Unfurnished,770002
987,1,1,Tier-3,1,17,Unfurnished,851103
533,2,1,Tier-3,0,11,Semi,538234
4755,4,5,Tier-1,2,3,Furnished,40101423
1231,3,3,Tier-2,1,10,Furnished,4206919
2160,2,3,Tier-2,1,3,Furnished,5992137
1832,3,3,Tier-2,1,6,Semi,3783551
719,2,2,Tier-3,1,8,Semi,1009860
512,2,2,Tier-3,0,13,Unfurnished,521411
607,1,1,Tier-3,1,18,Semi,640152
557,2,1,Tier-3,1,11,Unfurnished,740093
1618,2,2,Tier-2,1,9,Semi,4510354
2151,3,3,Tier-2,1,4,Semi,5297829
719,1,1,Tier-3,1,9,Semi,844179
951,1,2,Tier-3,1,12,Unfurnished,1314702
1291,2,2,Tier-2,1,3,Semi,4652215
714,1,2,Tier-3,1,17,Semi,655885
778,1,1,Tier-3,0,5,Unfurnished,1081410
715,2,2,Tier-3,0,16,Semi,593369
565,1,1,Tier-3,1,5,Unfurnished,817555
814,1,1,Tier-3,0,13,Unfurnished,645332
665,2,2,Tier-3,1,14,Semi,842415
546,1,1,Tier-3,1,13,Semi,581369
592,2,2,Tier-3,0,9,Unfurnished,561091
1266,2,2,Tier-2,1,4,Furnished,2678577
3608,4,4,Tier-1,2,3,Furnished,19333897
844,1,1,Tier-3,0,16,Semi,712792
4554,3,4,Tier-1,3,0,Furnished,28061253
739,2,2,Tier-3,0,20,Unfurnished,622409
1043,2,2,Tier-2,2,2,Semi,2115518
626,2,2,Tier-3,0,10,Semi,565324
481,2,1,Tier-3,0,5,Semi,623470
865,1,2,Tier-3,1,19,Unfurnished,1209859
722,1,2,Tier-3,0,8,Semi,740655
3719,3,5,Tier-1,3,4,Furnished,24833270
749,1,1,Tier-3,0,13,Unfurnished,963830
4602,3,3,Tier-1,2,1,Furnished,23099437
702,1,1,Tier-3,0,9,Semi,913281
817,2,1,Tier-3,0,9,Semi,1162112
556,1,2,Tier-3,0,10,Unfurnished,649904
2105,2,2,Tier-2,1,7,Furnished,8336536
867,1,2,Tier-3,0,7,Semi,968699
525,1,2,Tier-3,1,12,Unfurnished,598985
2640,6,3,Tier-1,2,1,Furnished,18547386
419,2,1,Tier-3,1,16,Semi,413881
3335,6,5,Tier-1,2,0,Furnished,19622843
755,2,2,Tier-3,1,17,Unfurnished,920383
409,2,2,Tier-3,1,13,Semi,372220
1732,3,3,Tier-2,1,2,Furnished,6076407
2061,2,3,Tier-2,2,4,Furnished,7891487
970,1,2,Tier-3,0,9,Unfurnished,1260026
782,1,2,Tier-3,1,5,Semi,1165133
743,1,1,Tier-3,1,12,Unfurnished,963162
604,1,1,Tier-3,0,13,Semi,605297
1809,2,2,Tier-2,1,2,Furnished,5422349
2027,2,3,Tier-2,1,4,Furnished,7127995
758,2,1,Tier-3,1,13,Unfurnished,681798
623,1,1,Tier-3,1,5,Semi,693539
1186,2,2,Tier-2,1,7,Semi,3620453
1470,3,2,Tier-2,1,5,Furnished,5158402
1294,3,3,Tier-2,2,9,Semi,3766475
414,2,1,Tier-3,0,13,Semi,322785
685,2,2,Tier-3,0,10,Unfurnished,584652
659,1,1,Tier-3,0,12,Semi,766708
4376,3,5,Tier-1,2,5,Furnished,29018905
542,2,2,Tier-3,1,6,Semi,686773
4130,6,5,Tier-1,2,5,Furnished,36809558
1956,3,2,Tier-2,1,9,Semi,4774521
500,1,1,Tier-3,0,15,Unfurnished,488905
867,1,1,Tier-3,1,11,Unfurnished,1124431
1611,3,3,Tier-2,2,7,Furnished,4281658
1889,2,3,Tier-2,2,6,Semi,7309063
1351,2,2,Tier-2,1,8,Semi,5169048
2140,2,3,Tier-2,1,2,Semi,4392261
672,1,2,Tier-3,1,19,Semi,627191
4033,5,5,Tier-1,2,1,Furnished,21267337
1184,2,3,Tier-2,1,10,Furnished,3774152
504,1,1,Tier-3,1,9,Semi,689045
726,1,1,Tier-3,1,19,Semi,636790
890,1,2,Tier-3,1,20,Unfurnished,1224701
2759,6,5,Tier-1,2,2,Furnished,15895175
496,1,2,Tier-3,1,7,Semi,715733
751,1,2,Tier-3,0,14,Semi,757153
736,1,2,Tier-3,0,12,Semi,907329
909,2,1,Tier-3,1,11,Unfurnished,1349543
972,2,1,Tier-3,1,10,Unfurnished,921710
1416,2,2,Tier-2,2,4,Semi,4391849
697,2,2,Tier-3,0,14,Unfurnished,825863
775,2,2,Tier-3,0,18,Unfurnished,1080429
999,2,1,Tier-3,1,8,Unfurnished,1049615
898,1,2,Tier-3,0,15,Semi,747828
850,1,2,Tier-3,0,18,Unfurnished,871868
3226,3,3,Tier-1,3,0,Furnished,17747351
496,2,1,Tier-3,0,10,Semi,694543
1520,2,2,Tier-2,1,5,Semi,5889940
612,1,1,Tier-3,0,8,Unfurnished,593766
4459,5,4,Tier-1,2,2,Furnished,30214367
1119,2,3,Tier-2,1,4,Semi,2977875
1008,3,3,Tier-2,1,3,Semi,2268757
595,2,1,Tier-3,0,9,Unfurnished,622500
2934,4,5,Tier-1,2,2,Furnished,15727487
1454,3,2,Tier-2,1,3,Semi,3723993
517,2,1,Tier-3,0,14,Semi,488671
694,1,2,Tier-3,1,17,Semi,872668
913,1,1,Tier-3,1,20,Unfurnished,1258121
403,1,1,Tier-3,0,7,Semi,490587
963,2,2,Tier-3,0,12,Semi,1134171
522,2,1,Tier-3,1,11,Semi,579667
1625,2,3,Tier-2,2,6,Semi,3590057
1560,3,3,Tier-2,2,3,Furnished,4452103
531,2,1,Tier-3,0,19,Unfurnished,507651
804,1,2,Tier-3,1,6,Unfurnished,883638
1292,3,3,Tier-2,2,7,Furnished,3452248
591,1,1,Tier-3,1,9,Unfurnished,618858
734,1,2,Tier-3,0,6,Unfurnished,917211
824,2,2,Tier-3,1,16,Unfurnished,1032578
681,1,2,Tier-3,0,8,Semi,833480
748,1,1,Tier-3,1,7,Unfurnished,591434
1885,3,3,Tier-2,2,3,Semi,5811538
762,1,1,Tier-3,1,20,Unfurnished,675013
872,2,1,Tier-3,1,10,Semi,914098
4995,3,3,Tier-1,2,3,Furnished,28801952
864,2,2,Tier-3,1,6,Unfurnished,941135
988,1,1,Tier-3,1,5,Unfurnished,1380815
489,2,2,Tier-3,1,7,Unfurnished,634020
459,1,2,Tier-3,1,17,Semi,594852
2093,2,2,Tier-2,1,4,Furnished,8207409
838,2,2,Tier-3,1,10,Unfurnished,775908
4329,6,5,Tier-1,3,1,Furnished,38889876
1805,3,3,Tier-2,2,7,Furnished,6436824
1074,3,2,Tier-2,1,2,Semi,2515442
730,2,2,Tier-3,1,7,Unfurnished,691797
1916,2,3,Tier-2,1,3,Furnished,4366910
2172,2,3,Tier-2,1,4,Semi,6553449
544,1,1,Tier-3,0,8,Unfurnished,641103
625,2,2,Tier-3,1,18,Semi,502120
1080,2,3,Tier-2,2,10,Furnished,2877051
4812,3,3,Tier-1,2,2,Furnished,28963200
901,2,2,Tier-3,1,6,Unfurnished,1083278
781,2,1,Tier-3,1,5,Unfurnished,731048
972,2,2,Tier-3,1,19,Semi,1238543
744,1,1,Tier-3,1,20,Unfurnished,703890
782,1,2,Tier-3,1,11,Semi,927228
2114,3,2,Tier-2,1,10,Furnished,7435150
4030,3,5,Tier-1,3,5,Furnished,25546619
2830,6,5,Tier-1,3,0,Furnished,14237540
726,1,2,Tier-3,0,19,Unfurnished,927229
523,2,1,Tier-3,0,13,Semi,546026
1962,2,3,Tier-2,2,9,Furnished,6653215
601,2,1,Tier-3,0,12,Unfurnished,622236
958,2,1,Tier-3,1,10,Semi,1131520
794,2,2,Tier-3,0,8,Semi,918381
846,2,2,Tier-3,0,20,Unfurnished,1013019
534,2,1,Tier-3,0,7,Unfurnished,642813
596,2,1,Tier-3,1,8,Unfurnished,521883
496,1,2,Tier-3,1,18,Unfurnished,627159
643,2,2,Tier-3,0,16,Semi,571222
790,2,2,Tier-3,0,15,Semi,998607
953,1,1,Tier-3,1,20,Unfurnished,1253542
907,1,2,Tier-3,0,12,Semi,844418
465,2,2,Tier-3,1,7,Semi,687173
1140,3,2,Tier-2,2,8,Semi,2706897
858,2,1,Tier-3,0,14,Unfurnished,885977
684,2,2,Tier-3,0,19,Unfurnished,645099
3549,5,3,Tier-1,3,0,Furnished,25888434
767,1,2,Tier-3,1,18,Semi,1081612
2182,3,2,Tier-2,2,9,Furnished,6471186
2813,6,5,Tier-1,3,5,Furnished,16187171
561,1,2,Tier-3,1,15,Semi,793677
413,2,2,Tier-3,1,20,Unfurnished,503287
799,1,2,Tier-3,1,11,Semi,1110456
1786,2,2,Tier-2,1,5,Furnished,5613606
1296,3,3,Tier-2,1,4,Furnished,4884831
3147,4,4,Tier-1,3,4,Furnished,19071193
521,1,2,Tier-3,0,20,Unfurnished,525477
1544,3,2,Tier-2,2,4,Semi,5766140
2187,3,2,Tier-2,1,9,Semi,7926459
4921,6,3,Tier-1,3,1,Furnished,39404228
4965,5,4,Tier-1,2,5,Furnished,28913837
826,1,1,Tier-3,1,11,Semi,1047969
826,2,1,Tier-3,1,19,Unfurnished,837532
1812,2,2,Tier-2,2,3,Semi,5306580
634,1,2,Tier-3,0,6,Semi,566544
959,1,1,Tier-3,1,18,Unfurnished,1034093
448,1,1,Tier-3,0,18,Semi,417762
572,2,2,Tier-3,1,14,Semi,627463
4568,5,4,Tier-1,2,1,Furnished,40211918
3505,3,3,Tier-1,3,1,Furnished,28113746
693,1,2,Tier-3,0,13,Unfurnished,816587
964,1,2,Tier-3,1,6,Unfurnished,974661
593,1,2,Tier-3,0,5,Unfurnished,534169
805,2,1,Tier-3,0,20,Semi,1108979
853,1,1,Tier-3,0,8,Semi,1043773
676,1,2,Tier-3,0,18,Unfurnished,694013
621,1,2,Tier-3,1,7,Unfurnished,927373
949,1,2,Tier-3,0,9,Semi,966284
417,1,1,Tier-3,1,13,Unfurnished,533298
799,2,1,Tier-3,0,10,Semi,1076417
3015,5,4,Tier-1,3,1,Furnished,26796965
446,2,1,Tier-3,0,16,Semi,599049
997,2,1,Tier-3,1,17,Unfurnished,1183125
565,1,1,Tier-3,0,16,Semi,625945
691,1,1,Tier-3,0,16,Unfurnished,828332
3478,3,5,Tier-1,2,1,Furnished,30629743
932,1,1,Tier-3,0,5,Semi,1289730
1695,2,3,Tier-2,1,8,Furnished,6575683
408,2,2,Tier-3,0,14,Unfurnished,565729
814,1,2,Tier-3,1,8,Unfurnished,764476
1319,3,2,Tier-2,1,5,Furnished,2740566
2115,2,2,Tier-2,2,2,Semi,8115066
828,1,2,Tier-3,1,11,Unfurnished,1091085
441,2,2,Tier-3,0,15,Semi,545102
992,1,1,Tier-3,1,9,Semi,1303144
1750,2,3,Tier-2,2,9,Semi,6299782
2625,3,5,Tier-1,2,5,Furnished,22171779
1905,2,2,Tier-2,2,10,Furnished,4311207
2179,3,3,Tier-2,1,2,Furnished,4827599
960,2,2,Tier-3,0,5,Semi,879136
519,2,2,Tier-3,0,6,Semi,453205
728,2,1,Tier-3,0,18,Semi,632752
954,2,1,Tier-3,1,19,Unfurnished,1265537
2729,6,5,Tier-1,3,1,Furnished,17926246
728,1,2,Tier-3,0,15,Unfurnished,937618
4218,4,3,Tier-1,3,1,Furnished,31255935
726,2,1,Tier-3,0,20,Unfurnished,925181
616,2,2,Tier-3,0,10,Semi,837803
2937,6,5,Tier-1,3,2,Furnished,19543598
542,2,1,Tier-3,0,13,Unfurnished,530952
3234,5,3,Tier-1,3,5,Furnished,16887786
447,2,2,Tier-3,1,12,Semi,633133
4387,4,5,Tier-1,3,5,Furnished,38662800
4677,3,5,Tier-1,3,1,Furnished,26296336
490,2,1,Tier-3,1,18,Unfurnished,500866
652,2,1,Tier-3,1,8,Unfurnished,656645
2961,4,5,Tier-1,2,4,Furnished,17165158
474,1,2,Tier-3,1,18,Unfurnished,629993
3099,3,5,Tier-1,2,3,Furnished,27216875
1136,3,3,Tier-2,1,7,Furnished,2353039
1999,2,3,Tier-2,2,7,Furnished,6706701
1696,3,3,Tier-2,1,9,Semi,4870114
559,2,2,Tier-3,1,19,Semi,819108
897,2,2,Tier-3,1,14,Unfurnished,768318
699,1,2,Tier-3,1,8,Unfurnished,757524
4343,3,5,Tier-1,2,0,Furnished,26193367
658,2,1,Tier-3,1,10,Semi,647858
1632,2,2,Tier-2,1,4,Semi,4329897
510,2,1,Tier-3,0,12,Unfurnished,669772
1396,3,3,Tier-2,1,4,Furnished,5537409
809,1,2,Tier-3,0,9,Semi,980783
1893,3,2,Tier-2,2,5,Semi,5999610
584,1,2,Tier-3,0,5,Unfurnished,580898
401,1,1,Tier-3,1,17,Unfurnished,531000
670,1,2,Tier-3,1,20,Semi,936652
653,1,2,Tier-3,0,6,Semi,543441
1466,2,3,Tier-2,1,2,Furnished,3380061
2926,4,4,Tier-1,2,5,Furnished,19118183
722,2,1,Tier-3,1,10,Semi,721257
4356,4,3,Tier-1,3,1,Furnished,37857890
2994,6,5,Tier-1,3,0,Furnished,20424423
1221,2,2,Tier-2,2,7,Furnished,4313350
907,1,1,Tier-3,1,11,Semi,1205673
666,1,1,Tier-3,1,19,Unfurnished,538901
666,1,1,Tier-3,0,11,Semi,780811
881,2,1,Tier-3,1,8,Semi,1216739
718,2,1,Tier-3,0,7,Semi,783014
3397,6,3,Tier-1,3,2,Furnished,25062000
920,1,1,Tier-3,0,8,Semi,1332369
809,2,1,Tier-3,0,17,Semi,1015136
3305,6,3,Tier-1,3,2,Furnished,19808592
795,1,1,Tier-3,1,5,Unfurnished,911897
574,2,2,Tier-3,0,13,Semi,786977
551,2,2,Tier-3,1,6,Semi,828555
1313,2,2,Tier-2,2,9,Semi,4900056
1504,2,3,Tier-2,2,9,Furnished,4152834
620,2,1,Tier-3,0,19,Semi,654825
1144,2,2,Tier-2,1,9,Semi,3903332
843,2,1,Tier-3,1,7,Semi,948949
811,1,2,Tier-3,0,9,Semi,1085431
770,1,2,Tier-3,0,16,Unfurnished,786928
4047,6,3,Tier-1,3,1,Furnished,29880645
2723,5,4,Tier-1,3,1,Furnished,20481382
606,2,1,Tier-3,1,16,Unfurnished,745902
725,2,1,Tier-3,1,13,Semi,905402
757,2,2,Tier-3,1,6,Semi,766073
790,2,1,Tier-3,1,13,Semi,654736
4200,4,4,Tier-1,3,3,Furnished,36567297
1191,2,2,Tier-2,1,2,Furnished,3023613
769,1,1,Tier-3,0,15,Unfurnished,700067
4614,6,5,Tier-1,3,4,Furnished,27526720
1681,2,3,Tier-2,1,3,Furnished,6455668
467,1,1,Tier-3,1,17,Unfurnished,690474
787,1,2,Tier-3,0,13,Semi,625183
656,1,2,Tier-3,0,11,Semi,559060
1675,2,2,Tier-2,2,10,Furnished,5114136
1056,3,3,Tier-2,1,10,Furnished,3724069
1857,3,3,Tier-2,1,2,Semi,4075633
982,1,1,Tier-3,1,6,Semi,1388636
880,1,1,Tier-3,1,7,Semi,1110838
2064,2,2,Tier-2,1,2,Furnished,5441948
646,2,1,Tier-3,0,14,Semi,515636
758,2,2,Tier-3,1,17,Semi,909610
511,2,1,Tier-3,1,7,Semi,534305
703,1,2,Tier-3,0,8,Semi,738556
2595,3,5,Tier-1,3,3,Furnished,18641323
1092,2,3,Tier-2,1,10,Furnished,3656837
1706,2,3,Tier-2,1,7,Furnished,6408625
1399,2,2,Tier-2,1,3,Furnished,4351566
1321,3,3,Tier-2,2,5,Furnished,2912783
477,2,2,Tier-3,1,18,Semi,549728
578,2,1,Tier-3,1,12,Semi,800749
667,2,2,Tier-3,1,15,Semi,992724
1938,2,3,Tier-2,1,5,Furnished,7330514
1236,3,2,Tier-2,1,5,Furnished,3205828
852,2,1,Tier-3,1,12,Semi,1139120
2598,4,4,Tier-1,3,0,Furnished,13484246
574,2,1,Tier-3,0,11,Unfurnished,578263
549,1,1,Tier-3,0,14,Semi,818329
874,2,1,Tier-3,1,12,Unfurnished,1282339
854,2,2,Tier-3,0,8,Semi,1246109
4201,3,5,Tier-1,3,1,Furnished,36169959
2119,2,3,Tier-2,1,4,Furnished,7529568
757,2,2,Tier-3,0,8,Semi,682789
516,2,1,Tier-3,1,7,Unfurnished,726202
562,2,1,Tier-3,0,17,Unfurnished,642867
997,2,1,Tier-3,0,5,Unfurnished,1026576
511,2,1,Tier-3,0,20,Semi,760998
802,1,2,Tier-3,0,6,Semi,916772
523,1,2,Tier-3,1,9,Semi,592546
790,1,2,Tier-3,1,16,Unfurnished,897471
1580,3,2,Tier-2,2,6,Furnished,5392319
708,2,1,Tier-3,0,11,Semi,923078
551,2,2,Tier-3,1,16,Unfurnished,521208
3157,3,5,Tier-1,2,0,Furnished,16834392
3566,6,4,Tier-1,2,2,Furnished,20467747
1088,3,3,Tier-2,2,8,Furnished,2610732
725,2,1,Tier-3,0,7,Semi,1030088
925,2,2,Tier-3,0,15,Unfurnished,1317210
694,1,1,Tier-3,1,20,Unfurnished,721981
489,2,1,Tier-3,1,10,Semi,644080
1028,2,3,Tier-2,1,4,Furnished,3957397
1196,3,2,Tier-2,1,5,Semi,2402830
1151,3,2,Tier-2,2,2,Furnished,2813356
863,2,1,Tier-3,0,8,Unfurnished,1303115
3910,3,5,Tier-1,3,4,Furnished,29071446
424,1,1,Tier-3,0,6,Unfurnished,487772
3907,4,3,Tier-1,2,0,Furnished,21280165
535,2,1,Tier-3,0,20,Semi,515186
834,1,2,Tier-3,1,6,Semi,975729
2717,6,3,Tier-1,3,3,Furnished,22471750
1369,3,3,Tier-2,2,3,Furnished,2856500
886,1,2,Tier-3,1,10,Semi,913066
655,2,1,Tier-3,1,5,Unfurnished,586337
910,1,1,Tier-3,1,17,Unfurnished,1297156
519,2,1,Tier-3,1,6,Unfurnished,749469
633,1,2,Tier-3,0,7,Unfurnished,674067
627,2,2,Tier-3,1,8,Unfurnished,718042
449,1,1,Tier-3,0,7,Semi,584893
3253,4,5,Tier-1,3,0,Furnished,29132427
1479,3,3,Tier-2,2,9,Furnished,5301748
402,2,1,Tier-3,1,16,Semi,419207
2109,3,2,Tier-2,1,9,Furnished,4521911
449,2,1,Tier-3,1,12,Unfurnished,419991
1172,2,3,Tier-2,1,9,Semi,3731968
1860,2,2,Tier-2,2,10,Furnished,3826310
4755,3,3,Tier-1,2,5,Furnished,26615912
484,1,1,Tier-3,1,18,Unfurnished,420868
769,2,1,Tier-3,0,7,Unfurnished,802633
752,2,2,Tier-3,0,10,Semi,674354
623,1,2,Tier-3,0,8,Unfurnished,767623
895,1,1,Tier-3,1,17,Semi,996014
934,2,1,Tier-3,0,9,Semi,880978
1674,3,2,Tier-2,1,4,Furnished,6145892
1458,2,2,Tier-2,1,2,Semi,3810169
433,1,1,Tier-3,0,13,Semi,498794
433,1,1,Tier-3,0,10,Semi,513269
1911,3,3,Tier-2,1,5,Furnished,4610110
3013,4,4,Tier-1,2,3,Furnished,17042246
633,1,1,Tier-3,1,20,Unfurnished,879609
565,1,1,Tier-3,1,19,Semi,652287
4714,5,5,Tier-1,3,4,Furnished,32904774
448,2,1,Tier-3,0,16,Unfurnished,498145
949,1,1,Tier-3,1,18,Semi,940047
4280,5,5,Tier-1,2,3,Furnished,29260774
1873,2,2,Tier-2,1,9,Semi,6404476
474,2,2,Tier-3,1,15,Semi,403429
757,1,2,Tier-3,0,14,Semi,748643
3378,3,5,Tier-1,2,5,Furnished,20371193
4443,4,4,Tier-1,3,1,Furnished,30810036
553,2,1,Tier-3,1,6,Semi,762927
753,1,1,Tier-3,1,15,Semi,890298
3099,3,3,Tier-1,2,5,Furnished,27237368
921,1,1,Tier-3,1,17,Semi,972784
665,1,2,Tier-3,1,10,Semi,694104
405,1,2,Tier-3,1,15,Semi,542131
745,2,2,Tier-3,1,16,Unfurnished,840180
4103,5,5,Tier-1,2,1,Furnished,36389271
2068,3,2,Tier-2,1,3,Furnished,7661752
849,2,1,Tier-3,1,17,Semi,874926
688,1,1,Tier-3,1,16,Unfurnished,579521
4473,3,3,Tier-1,3,0,Furnished,32720664
4634,3,3,Tier-1,2,1,Furnished,38042240
4217,3,3,Tier-1,2,2,Furnished,25629466
4483,6,4,Tier-1,2,1,Furnished,27227889
4278,6,3,Tier-1,2,0,Furnished,33704886
671,2,2,Tier-3,1,18,Unfurnished,922816
4684,3,3,Tier-1,2,0,Furnished,30985353
4330,4,3,Tier-1,3,1,Furnished,23484849
714,2,2,Tier-3,1,15,Unfurnished,1053551
711,1,1,Tier-3,0,19,Semi,716774
919,1,1,Tier-3,0,13,Unfurnished,841716
4667,4,3,Tier-1,3,2,Furnished,41631015
916,2,2,Tier-3,0,11,Unfurnished,754414
458,2,2,Tier-3,0,16,Semi,390106
790,2,1,Tier-3,0,20,Semi,999544
580,2,2,Tier-3,0,8,Semi,781508
1868,2,2,Tier-2,2,9,Furnished,5562183
2112,3,3,Tier-2,2,9,Furnished,6376257
1501,2,2,Tier-2,2,8,Semi,5648715
802,1,1,Tier-3,1,8,Semi,726366
1418,3,3,Tier-2,2,4,Furnished,5055449
1599,2,2,Tier-2,1,10,Semi,5002686
555,1,2,Tier-3,0,16,Unfurnished,463483
935,1,1,Tier-3,1,18,Unfurnished,1279755
707,1,2,Tier-3,1,5,Semi,875129
1293,3,3,Tier-2,1,9,Semi,3462696
613,1,1,Tier-3,0,15,Unfurnished,741980
426,2,2,Tier-3,1,15,Unfurnished,345673
2195,3,3,Tier-2,2,6,Furnished,7400807
593,2,2,Tier-3,0,20,Semi,783178
2159,3,2,Tier-2,2,6,Furnished,8633012
3842,4,3,Tier-1,3,1,Furnished,23164204
689,2,1,Tier-3,1,18,Semi,968893
645,1,1,Tier-3,0,11,Semi,945958
1516,3,3,Tier-2,1,8,Furnished,3483972
485,2,2,Tier-3,0,20,Semi,632281
726,1,1,Tier-3,0,10,Semi,864769
819,1,2,Tier-3,0,15,Semi,695287
833,1,1,Tier-3,1,6,Unfurnished,1104365
687,1,1,Tier-3,0,12,Semi,575374
1882,3,2,Tier-2,1,5,Furnished,5978748
900,1,2,Tier-3,0,17,Unfurnished,841677
505,2,2,Tier-3,0,12,Unfurnished,490720
997,1,1,Tier-3,1,11,Unfurnished,916485
680,1,1,Tier-3,1,13,Semi,608886
988,2,1,Tier-3,1,14,Semi,1266942
632,1,2,Tier-3,0,12,Unfurnished,685586
461,1,2,Tier-3,0,16,Unfurnished,395303
1982,3,2,Tier-2,2,3,Semi,6416341
1593,2,2,Tier-2,1,4,Furnished,3457802
1266,2,3,Tier-2,1,3,Semi,2918631
701,1,2,Tier-3,1,19,Unfurnished,594197
921,2,1,Tier-3,0,15,Semi,1357817
820,2,1,Tier-3,1,14,Unfurnished,977586
1978,3,2,Tier-2,2,4,Semi,5204022
591,2,2,Tier-3,1,20,Semi,641824
1410,2,3,Tier-2,2,2,Furnished,4316876
2086,3,2,Tier-2,2,10,Semi,7321649
2021,3,3,Tier-2,1,5,Furnished,6450037
4834,5,5,Tier-1,3,1,Furnished,33807194
571,1,2,Tier-3,1,5,Semi,801412
1342,2,2,Tier-2,2,6,Furnished,4422870
955,2,1,Tier-3,1,20,Unfurnished,770771
593,2,1,Tier-3,1,15,Semi,779787
567,1,2,Tier-3,0,7,Semi,834028
564,1,2,Tier-3,0,17,Unfurnished,835877
2787,6,5,Tier-1,3,0,Furnished,24883615
644,2,1,Tier-3,0,19,Semi,632596
835,2,2,Tier-3,0,18,Unfurnished,750290
1755,3,3,Tier-2,1,8,Semi,4470262
975,1,1,Tier-3,1,17,Semi,1227032
1512,3,2,Tier-2,2,7,Semi,4920854
948,1,1,Tier-3,1,17,Semi,1213621
1120,2,3,Tier-2,1,8,Furnished,3376617
3005,3,5,Tier-1,2,1,Furnished,23069830
1567,2,3,Tier-2,1,7,Semi,5298121
982,1,2,Tier-3,1,6,Semi,1056328
1209,3,2,Tier-2,1,6,Furnished,2487917
565,1,2,Tier-3,1,19,Unfurnished,818380
446,1,1,Tier-3,1,8,Semi,379298
938,2,2,Tier-3,0,18,Semi,1039031
847,2,1,Tier-3,0,12,Unfurnished,1266158
459,1,1,Tier-3,0,6,Unfurnished,387089
965,2,2,Tier-3,1,10,Unfurnished,1168308
682,1,1,Tier-3,1,9,Semi,906750
624,2,2,Tier-3,1,15,Semi,675804
993,1,1,Tier-3,1,9,Semi,879766
3244,4,3,Tier-1,3,4,Furnished,26926324
4132,5,4,Tier-1,3,1,Furnished,27803569
1958,2,2,Tier-2,2,2,Furnished,4197529
1067,3,2,Tier-2,2,8,Furnished,3015383
571,2,2,Tier-3,1,12,Unfurnished,583563
653,2,2,Tier-3,1,8,Unfurnished,946593
1290,2,3,Tier-2,1,8,Furnished,2799955
526,1,2,Tier-3,0,13,Semi,764829
434,2,1,Tier-3,1,17,Unfurnished,526862
890,2,1,Tier-3,1,6,Semi,1062376
943,1,2,Tier-3,1,10,Semi,1078477
793,1,1,Tier-3,0,15,Semi,1140790
685,2,1,Tier-3,0,14,Unfurnished,849889
785,1,2,Tier-3,0,17,Semi,719025
488,1,2,Tier-3,0,7,Unfurnished,593104
1033,2,3,Tier-2,1,3,Semi,3836777
4524,5,5,Tier-1,2,5,Furnished,35734299
529,2,2,Tier-3,0,17,Semi,718756
659,2,2,Tier-3,1,7,Unfurnished,824321
1055,2,3,Tier-2,1,5,Furnished,3022458
802,1,2,Tier-3,1,19,Unfurnished,1176825
1543,2,3,Tier-2,1,9,Semi,5500905
1929,3,2,Tier-2,1,7,Semi,6375980
1250,2,3,Tier-2,2,9,Furnished,3778805
664,2,2,Tier-3,0,10,Unfurnished,593930
830,2,1,Tier-3,1,17,Semi,1077336
2018,3,3,Tier-2,1,2,Semi,7389930
772,1,2,Tier-3,0,11,Unfurnished,1119818
497,2,2,Tier-3,1,19,Unfurnished,476749
496,1,2,Tier-3,0,17,Semi,634562
593,2,2,Tier-3,1,5,Semi,600826
615,2,1,Tier-3,0,7,Semi,626331
578,2,2,Tier-3,1,18,Semi,809012
872,2,2,Tier-3,0,5,Unfurnished,1002655
899,1,2,Tier-3,0,12,Semi,1291580
2090,3,3,Tier-2,2,3,Furnished,5976156
837,1,1,Tier-3,1,10,Unfurnished,1124147
1536,3,3,Tier-2,2,9,Furnished,5120686
1641,2,3,Tier-2,2,2,Furnished,3417226
436,1,1,Tier-3,1,9,Semi,417475
483,1,2,Tier-3,0,18,Unfurnished,664346
857,2,1,Tier-3,1,10,Semi,699208
908,2,2,Tier-3,0,20,Semi,982116
929,1,2,Tier-3,1,20,Unfurnished,1048831
552,2,2,Tier-3,0,12,Unfurnished,691921
594,1,2,Tier-3,0,13,Semi,627840
412,1,2,Tier-3,1,19,Semi,559005
1718,3,2,Tier-2,1,8,Furnished,4506908
638,2,2,Tier-3,0,10,Unfurnished,538655
419,2,1,Tier-3,1,14,Unfurnished,431533
864,2,2,Tier-3,1,16,Unfurnished,1068547
3842,3,3,Tier-1,2,1,Furnished,24520399
1561,2,3,Tier-2,1,7,Semi,5629765
696,2,2,Tier-3,1,13,Unfurnished,640215
836,1,1,Tier-3,0,20,Semi,998888
982,1,2,Tier-3,1,19,Unfurnished,1244635
1947,3,3,Tier-2,1,4,Semi,6384084
736,2,1,Tier-3,1,6,Semi,696754
4223,3,5,Tier-1,2,0,Furnished,23005212
531,2,2,Tier-3,1,6,Unfurnished,450327
939,1,2,Tier-3,1,6,Unfurnished,1018026
2857,4,4,Tier-1,2,0,Furnished,18967797
1174,2,3,Tier-2,1,2,Furnished,3849215
906,2,1,Tier-3,0,9,Unfurnished,739774
3336,3,4,Tier-1,3,3,Furnished,18199399
1273,2,3,Tier-2,1,3,Furnished,3477303
974,2,2,Tier-3,0,17,Unfurnished,874931
809,1,1,Tier-3,0,5,Semi,952584
454,2,2,Tier-3,0,8,Unfurnished,664787
2056,2,3,Tier-2,2,5,Furnished,7530445
720,2,2,Tier-3,0,16,Semi,624653
607,1,1,Tier-3,0,13,Unfurnished,473800
1634,2,3,Tier-2,2,3,Semi,5849846
3513,5,4,Tier-1,2,2,Furnished,30922895
1371,2,3,Tier-2,2,7,Furnished,3892876
679,2,1,Tier-3,1,16,Unfurnished,578617
2050,2,3,Tier-2,2,5,Semi,6544106
2082,3,2,Tier-2,1,9,Semi,5660718
959,2,1,Tier-3,1,14,Unfurnished,1354001
616,1,1,Tier-3,0,19,Unfurnished,689290
2064,3,2,Tier-2,2,4,Semi,7199395
412,1,1,Tier-3,0,15,Unfurnished,435263
644,1,1,Tier-3,1,19,Semi,726911
3648,3,3,Tier-1,3,5,Furnished,29888439
4424,3,3,Tier-1,2,0,Furnished,25175396
3970,5,3,Tier-1,2,2,Furnished,32907945
456,2,2,Tier-3,0,14,Semi,493354
436,2,2,Tier-3,0,10,Unfurnished,390080
1887,3,3,Tier-2,1,10,Furnished,7488637
916,2,2,Tier-3,0,16,Semi,1208160
2045,3,2,Tier-2,2,9,Furnished,8046522
1897,3,2,Tier-2,1,7,Furnished,6023248
614,1,2,Tier-3,0,19,Unfurnished,718570
526,2,1,Tier-3,0,17,Semi,526029
561,1,1,Tier-3,1,13,Semi,681706
2935,5,5,Tier-1,3,2,Furnished,25323215
1017,2,3,Tier-2,1,3,Furnished,3151542
4352,6,3,Tier-1,3,3,Furnished,22382547
3040,5,3,Tier-1,3,4,Furnished,25662084
802,1,1,Tier-3,1,8,Semi,675370
4839,5,5,Tier-1,2,5,Furnished,31363697
568,1,2,Tier-3,1,20,Unfurnished,521463
954,2,1,Tier-3,0,7,Semi,990770
2051,3,3,Tier-2,1,4,Semi,5467013
4572,3,4,Tier-1,3,1,Furnished,24671719
899,2,1,Tier-3,0,15,Semi,1027322
509,2,1,Tier-3,0,20,Semi,628140
587,1,1,Tier-3,1,15,Semi,726285
455,2,1,Tier-3,1,16,Unfurnished,669212
430,1,2,Tier-3,0,14,Semi,390399
542,2,2,Tier-3,1,20,Semi,705741
1140,2,2,Tier-2,1,5,Furnished,2625529
472,2,1,Tier-3,0,17,Semi,584798
848,2,2,Tier-3,1,17,Unfurnished,1007883
1348,2,2,Tier-2,1,10,Furnished,3044645
2164,3,3,Tier-2,2,4,Semi,5550741
3490,4,5,Tier-1,3,2,Furnished,26433096
1267,2,2,Tier-2,2,8,Semi,4911931
643,2,1,Tier-3,0,5,Semi,755514
532,1,2,Tier-3,0,17,Unfurnished,713114
1154,2,3,Tier-2,1,4,Semi,2444237
706,2,1,Tier-3,0,17,Unfurnished,896585
1032,2,2,Tier-2,1,2,Semi,2988889
912,1,2,Tier-3,0,20,Semi,1296582
3359,5,4,Tier-1,2,5,Furnished,20593317
4696,6,5,Tier-1,3,4,Furnished,34517873
2196,3,3,Tier-2,1,2,Semi,5893908
787,1,2,Tier-3,1,10,Unfurnished,1157160
1718,2,3,Tier-2,1,5,Semi,5497128
959,1,2,Tier-3,0,5,Semi,1229327
554,2,2,Tier-3,0,13,Semi,733689
1321,2,3,Tier-2,2,10,Furnished,4591079
1505,3,2,Tier-2,2,7,Semi,4813340
1049,2,2,Tier-2,1,8,Furnished,3866812
537,1,1,Tier-3,0,10,Semi,712631
992,1,2,Tier-3,1,12,Semi,1406023
780,2,1,Tier-3,0,13,Unfurnished,1160484
586,2,1,Tier-3,0,8,Semi,596335
835,2,2,Tier-3,0,16,Semi,1037728
3841,6,5,Tier-1,2,0,Furnished,23600473
2640,3,5,Tier-1,3,5,Furnished,15841366
870,2,2,Tier-3,1,12,Semi,1050471
568,1,2,Tier-3,1,8,Unfurnished,601272
4704,3,4,Tier-1,3,0,Furnished,28680803
950,1,2,Tier-3,1,16,Unfurnished,927096
734,1,1,Tier-3,1,18,Semi,638767
939,2,2,Tier-3,1,20,Semi,1391495
1333,3,2,Tier-2,2,6,Furnished,3262274
482,2,1,Tier-3,1,8,Unfurnished,626508
849,2,2,Tier-3,0,20,Unfurnished,893443
799,2,2,Tier-3,1,16,Semi,1078924
2069,2,3,Tier-2,1,8,Furnished,5604067
1105,2,2,Tier-2,2,7,Furnished,2680645
889,2,2,Tier-3,1,16,Semi,846061
1757,2,2,Tier-2,2,3,Furnished,4198412
624,1,1,Tier-3,1,19,Unfurnished,731998
2678,6,5,Tier-1,3,3,Furnished,13394420
1112,2,2,Tier-2,1,4,Furnished,3295804
693,2,1,Tier-3,0,19,Semi,793881
1837,3,2,Tier-2,1,8,Furnished,7032307
818,2,2,Tier-3,1,5,Semi,709178
896,2,1,Tier-3,1,12,Semi,1172052
1409,3,2,Tier-2,1,8,Furnished,4543203
689,2,2,Tier-3,0,9,Unfurnished,947434
2841,6,4,Tier-1,3,2,Furnished,17908302
4656,6,5,Tier-1,2,3,Furnished,35885679
731,1,2,Tier-3,1,8,Unfurnished,947667
494,1,1,Tier-3,0,19,Unfurnished,429981
4510,3,4,Tier-1,3,0,Furnished,28304269
1788,3,3,Tier-2,1,10,Semi,5807989
846,2,2,Tier-3,0,11,Unfurnished,972132
718,1,2,Tier-3,0,7,Unfurnished,737230
666,2,1,Tier-3,1,5,Semi,741355
1245,3,3,Tier-2,2,5,Semi,3279744
3178,3,3,Tier-1,2,5,Furnished,28391582
654,1,2,Tier-3,1,17,Semi,934234
911,1,1,Tier-3,0,6,Unfurnished,831745
928,2,1,Tier-3,1,11,Semi,1131084
820,1,2,Tier-3,1,14,Semi,1008305
922,1,1,Tier-3,1,19,Semi,1033287
4681,3,4,Tier-1,2,2,Furnished,39230447
671,1,2,Tier-3,1,15,Semi,553221
852,1,2,Tier-3,0,10,Semi,935591
1593,3,2,Tier-2,1,3,Furnished,3904269
919,2,2,Tier-3,0,6,Unfurnished,878070
1367,2,2,Tier-2,1,3,Semi,4463140
962,2,1,Tier-3,1,8,Semi,1353527
2104,2,3,Tier-2,1,3,Furnished,6185414
843,1,1,Tier-3,0,18,Unfurnished,725295
778,2,1,Tier-3,1,11,Semi,1118876
2830,5,4,Tier-1,2,5,Furnished,20427131
945,1,1,Tier-3,1,5,Semi,863185
1306,3,2,Tier-2,2,7,Furnished,3294796
458,2,1,Tier-3,0,17,Unfurnished,562735
1608,3,2,Tier-2,1,9,Furnished,5736571
429,1,2,Tier-3,0,15,Unfurnished,398802
962,1,2,Tier-3,1,6,Unfurnished,1002085
705,2,2,Tier-3,1,8,Unfurnished,760033
3127,4,3,Tier-1,2,3,Furnished,16573895
577,1,1,Tier-3,0,19,Unfurnished,867208
704,1,2,Tier-3,0,17,Semi,723860
800,1,1,Tier-3,1,13,Unfurnished,868867
1509,2,3,Tier-2,2,4,Semi,5600229
609,1,1,Tier-3,1,14,Unfurnished,862049
2078,2,3,Tier-2,1,9,Furnished,4492490
595,2,1,Tier-3,1,10,Unfurnished,496686
530,1,2,Tier-3,1,20,Unfurnished,520813
622,1,2,Tier-3,0,18,Unfurnished,576417
891,2,1,Tier-3,0,8,Unfurnished,1296761
921,1,1,Tier-3,0,13,Unfurnished,1058594
676,2,1,Tier-3,1,11,Unfurnished,604708
571,1,2,Tier-3,1,16,Unfurnished,506815
1581,2,2,Tier-2,1,4,Furnished,3606387
774,1,2,Tier-3,1,18,Unfurnished,1147421
638,1,1,Tier-3,0,12,Semi,924555
724,2,2,Tier-3,1,18,Semi,962940
1039,2,2,Tier-2,2,8,Furnished,2965912
1436,3,3,Tier-2,1,7,Furnished,3864192
1088,3,2,Tier-2,1,10,Semi,3517334
486,1,1,Tier-3,1,18,Semi,400364
3314,4,3,Tier-1,3,4,Furnished,25288269
676,2,2,Tier-3,0,20,Semi,636053
702,2,2,Tier-3,1,11,Unfurnished,649882
4825,5,3,Tier-1,2,2,Furnished,42499310
825,2,1,Tier-3,0,7,Unfurnished,932525
1862,3,3,Tier-2,2,8,Furnished,6541927
451,1,2,Tier-3,0,17,Unfurnished,627156
879,2,1,Tier-3,1,5,Semi,697325
1769,2,2,Tier-2,1,8,Furnished,6005929
944,2,1,Tier-3,1,5,Semi,1095630
628,1,1,Tier-3,1,5,Semi,906207
801,1,1,Tier-3,0,16,Semi,831687
3065,3,3,Tier-1,3,2,Furnished,22027879
812,2,2,Tier-3,1,20,Semi,1224774
870,1,2,Tier-3,1,9,Unfurnished,1235805
954,2,1,Tier-3,1,7,Semi,1017097
3427,5,4,Tier-1,3,0,Furnished,30518558
1434,3,3,Tier-2,2,6,Furnished,3651573
751,2,2,Tier-3,0,14,Unfurnished,911867
540,1,2,Tier-3,0,19,Semi,584483
728,2,1,Tier-3,0,8,Semi,1072587
500,2,1,Tier-3,1,13,Unfurnished,463220
552,1,1,Tier-3,1,8,Semi,608751
658,1,2,Tier-3,0,17,Semi,607526
2166,3,3,Tier-2,1,10,Semi,7941152
644,1,2,Tier-3,1,7,Semi,914426
4359,3,3,Tier-1,3,3,Furnished,28900102
795,2,2,Tier-3,0,12,Semi,868384
890,1,2,Tier-3,0,13,Unfurnished,961656
2140,3,3,Tier-2,1,8,Furnished,6722361
842,2,2,Tier-3,1,10,Semi,1216253
736,1,2,Tier-3,1,20,Unfurnished,898125
721,2,2,Tier-3,1,14,Unfurnished,875213
1706,3,3,Tier-2,2,5,Semi,4289224
949,2,1,Tier-3,1,19,Semi,1161647
3466,4,4,Tier-1,3,5,Furnished,24524989
942,2,1,Tier-3,0,11,Unfurnished,1282748
610,2,1,Tier-3,0,20,Semi,669853
669,2,1,Tier-3,0,11,Unfurnished,955774
925,2,2,Tier-3,1,17,Semi,1339949
913,2,1,Tier-3,1,12,Unfurnished,1026436
733,1,2,Tier-3,0,8,Unfurnished,1038845
675,1,2,Tier-3,1,9,Unfurnished,964576
552,1,1,Tier-3,0,20,Unfurnished,695874
2110,3,3,Tier-2,1,5,Semi,8312869
4739,3,4,Tier-1,2,2,Furnished,33470258
441,2,1,Tier-3,1,15,Semi,487113
1726,3,2,Tier-2,1,7,Furnished,5095402
4320,6,3,Tier-1,3,2,Furnished,27046380
880,1,1,Tier-3,1,14,Semi,1178664
942,1,2,Tier-3,1,13,Semi,1108112
4756,3,5,Tier-1,2,0,Furnished,35720528
557,2,2,Tier-3,0,13,Unfurnished,505175
4514,4,5,Tier-1,3,2,Furnished,26882207
913,2,1,Tier-3,0,19,Semi,1287478
444,2,2,Tier-3,1,20,Unfurnished,517421
998,1,1,Tier-3,1,12,Semi,1273110
1641,3,2,Tier-2,2,6,Semi,5447927
2845,6,4,Tier-1,2,0,Furnished,23029752
1636,2,3,Tier-2,1,7,Semi,5072325
1334,2,2,Tier-2,2,3,Furnished,3071916
555,2,2,Tier-3,0,6,Unfurnished,669376
527,2,2,Tier-3,1,11,Semi,643180
863,1,1,Tier-3,1,17,Unfurnished,1280199
532,1,2,Tier-3,1,14,Semi,586158
1227,2,3,Tier-2,1,6,Semi,4325173
525,1,2,Tier-3,1,17,Semi,748473
970,1,1,Tier-3,1,13,Semi,978756
673,2,1,Tier-3,0,20,Unfurnished,683989
998,2,2,Tier-3,1,14,Unfurnished,927839
1373,2,3,Tier-2,2,6,Furnished,3681336
1466,3,3,Tier-2,2,10,Furnished,3587238
545,1,1,Tier-3,0,9,Unfurnished,514202
1721,3,2,Tier-2,1,9,Furnished,6168165
765,2,1,Tier-3,0,6,Semi,917085
999,1,2,Tier-3,0,14,Unfurnished,1056579
699,1,2,Tier-3,0,18,Unfurnished,1015166
615,2,1,Tier-3,0,7,Unfurnished,782888
2951,5,5,Tier-1,2,3,Furnished,24111150
1284,3,3,Tier-2,1,2,Semi,3223315
816,2,1,Tier-3,1,12,Unfurnished,897989
483,2,2,Tier-3,1,8,Unfurnished,699470
856,1,2,Tier-3,0,13,Unfurnished,907631
552,2,2,Tier-3,0,8,Semi,620029
601,2,1,Tier-3,1,6,Semi,529286
726,1,1,Tier-3,1,6,Semi,831872
3288,3,3,Tier-1,2,3,Furnished,17607724
1053,3,2,Tier-2,2,2,Furnished,3442551
823,2,1,Tier-3,0,19,Semi,890231
837,1,2,Tier-3,0,16,Unfurnished,918462
1979,2,3,Tier-2,2,10,Semi,7491653
606,2,1,Tier-3,0,14,Unfurnished,866713
1987,3,2,Tier-2,2,9,Furnished,6692687
551,2,2,Tier-3,0,7,Unfurnished,550962
616,1,2,Tier-3,1,11,Semi,594735
553,2,1,Tier-3,0,10,Unfurnished,679711
602,1,2,Tier-3,0,5,Semi,771582
1196,3,3,Tier-2,1,8,Furnished,4227940
2130,3,3,Tier-2,1,5,Furnished,6154993
756,1,2,Tier-3,0,20,Semi,911040
1023,2,2,Tier-2,2,8,Furnished,3383225
4962,6,5,Tier-1,3,2,Furnished,36768079
2131,2,3,Tier-2,1,8,Semi,7203034
751,1,1,Tier-3,0,8,Semi,926855
983,1,1,Tier-3,1,17,Unfurnished,1301070
1277,3,3,Tier-2,1,10,Semi,4970508
470,2,1,Tier-3,0,8,Semi,597621
1977,2,2,Tier-2,1,4,Semi,5709499
402,1,1,Tier-3,1,8,Unfurnished,552588
856,1,1,Tier-3,1,11,Unfurnished,1284107
584,1,2,Tier-3,0,19,Semi,542309
789,2,2,Tier-3,0,16,Unfurnished,1084837
861,2,2,Tier-3,0,13,Semi,802249
1654,2,3,Tier-2,1,4,Semi,5273551
873,2,1,Tier-3,1,5,Unfurnished,854806
955,2,1,Tier-3,1,18,Semi,1212772
962,2,1,Tier-3,1,19,Semi,863520
670,1,2,Tier-3,0,18,Semi,697074
419,1,1,Tier-3,0,18,Semi,588500
594,2,1,Tier-3,0,11,Semi,851224
920,2,2,Tier-3,1,14,Semi,934317
4077,5,4,Tier-1,2,1,Furnished,30228424
836,2,2,Tier-3,0,7,Unfurnished,791618
893,2,1,Tier-3,1,20,Semi,943420
2077,2,2,Tier-2,2,7,Semi,6708866
572,2,1,Tier-3,0,13,Unfurnished,764235
462,1,2,Tier-3,0,18,Semi,618906
746,2,1,Tier-3,0,8,Semi,975083
871,1,1,Tier-3,1,8,Unfurnished,791728
1812,2,3,Tier-2,1,5,Furnished,5897911
719,1,2,Tier-3,1,9,Unfurnished,749027
690,1,2,Tier-3,1,9,Semi,885684
4042,6,4,Tier-1,2,2,Furnished,31725664
3451,6,4,Tier-1,3,0,Furnished,26381283
563,1,1,Tier-3,1,20,Semi,510913
1193,3,3,Tier-2,1,3,Furnished,4686176
483,1,1,Tier-3,1,12,Unfurnished,470872
479,1,1,Tier-3,0,13,Semi,699968
1175,3,2,Tier-2,1,6,Semi,2591391
597,2,2,Tier-3,0,6,Unfurnished,614373
500,2,2,Tier-3,1,6,Semi,503122
1624,3,3,Tier-2,2,6,Furnished,4159474
722,2,1,Tier-3,0,14,Unfurnished,788663
950,2,1,Tier-3,1,16,Semi,1073211
448,2,1,Tier-3,0,12,Semi,560910
1659,3,2,Tier-2,2,5,Semi,3302086
1675,2,2,Tier-2,2,3,Semi,3373567
840,2,1,Tier-3,0,11,Unfurnished,1120673
586,2,2,Tier-3,1,8,Unfurnished,683369
3312,5,4,Tier-1,3,4,Furnished,23651800
790,1,2,Tier-3,0,17,Semi,893448
1708,2,2,Tier-2,1,8,Semi,4272159
4948,5,4,Tier-1,3,1,Furnished,43469585
720,2,1,Tier-3,0,6,Unfurnished,878955
707,2,2,Tier-3,0,10,Semi,577479
1835,2,2,Tier-2,2,6,Furnished,5378294
940,2,2,Tier-3,1,6,Unfurnished,924494
778,2,1,Tier-3,0,6,Semi,850513
963,2,1,Tier-3,1,10,Unfurnished,1179398
680,1,1,Tier-3,1,10,Semi,614465
752,2,1,Tier-3,1,7,Semi,735120
460,1,1,Tier-3,0,19,Semi,542305
735,1,1,Tier-3,0,8,Unfurnished,644453
420,1,2,Tier-3,1,17,Semi,405085
699,1,1,Tier-3,0,16,Semi,673846
765,2,2,Tier-3,0,19,Semi,1140444
531,1,2,Tier-3,1,10,Semi,520026
834,1,1,Tier-3,0,7,Semi,1109608
647,2,2,Tier-3,0,15,Semi,778777
682,1,2,Tier-3,1,11,Semi,903781
862,1,2,Tier-3,0,8,Unfurnished,1060093
977,2,2,Tier-3,1,5,Unfurnished,1419619
461,2,1,Tier-3,0,6,Unfurnished,677901
1062,2,3,Tier-2,1,8,Semi,2165194
981,1,2,Tier-3,0,17,Semi,1407848
598,1,2,Tier-3,0,9,Semi,490647
692,1,2,Tier-3,1,20,Semi,580286
1709,2,3,Tier-2,2,6,Furnished,4712139
841,2,1,Tier-3,0,11,Semi,1267143
4013,3,3,Tier-1,3,3,Furnished,29518339
625,1,2,Tier-3,1,12,Semi,811560
3828,5,3,Tier-1,3,4,Furnished,28121837
1118,2,3,Tier-2,1,2,Furnished,3829612
920,2,1,Tier-3,1,12,Unfurnished,1140561
4496,5,3,Tier-1,2,5,Furnished,26359148
879,1,2,Tier-3,1,20,Unfurnished,857443
595,1,1,Tier-3,0,9,Unfurnished,488272
881,1,1,Tier-3,1,20,Semi,1161630
591,2,1,Tier-3,1,10,Semi,837381
3828,5,4,Tier-1,2,2,Furnished,21395962
710,1,1,Tier-3,1,6,Unfurnished,617049
762,2,2,Tier-3,0,12,Unfurnished,723503
2172,3,2,Tier-2,2,2,Furnished,7094983
962,2,1,Tier-3,1,5,Semi,1359073
3987,4,4,Tier-1,3,5,Furnished,21349533
2594,4,4,Tier-1,2,4,Furnished,16644470
655,2,2,Tier-3,0,8,Semi,788222
1615,2,2,Tier-2,2,6,Furnished,4904288
4080,5,3,Tier-1,2,0,Furnished,30268701
869,2,1,Tier-3,0,16,Semi,1300148
1625,3,2,Tier-2,1,2,Furnished,5599905
808,1,2,Tier-3,1,10,Semi,1204943
552,2,1,Tier-3,1,15,Semi,765648
701,2,1,Tier-3,1,13,Semi,1020548
969,1,2,Tier-3,0,13,Semi,1095552
760,2,1,Tier-3,1,19,Semi,925476
705,2,1,Tier-3,1,5,Semi,1025277
672,1,1,Tier-3,1,14,Unfurnished,969169
3476,5,3,Tier-1,2,0,Furnished,20995406
461,2,1,Tier-3,1,19,Unfurnished,485503
567,2,1,Tier-3,0,19,Unfurnished,689930
1695,2,2,Tier-2,2,4,Semi,6621200
600,2,1,Tier-3,1,5,Unfurnished,653559
1864,2,2,Tier-2,1,7,Semi,6426229
2756,6,4,Tier-1,2,3,Furnished,16076854
531,2,2,Tier-3,0,9,Semi,532498
2115,2,2,Tier-2,2,4,Semi,6297652
730,2,2,Tier-3,0,14,Unfurnished,806679
687,2,1,Tier-3,0,12,Semi,633609
403,1,2,Tier-3,0,15,Semi,582233
858,2,2,Tier-3,1,11,Unfurnished,1191887
597,1,1,Tier-3,1,19,Unfurnished,515210
711,2,2,Tier-3,0,9,Unfurnished,753634
3028,4,5,Tier-1,3,1,Furnished,16632035
937,2,1,Tier-3,0,5,Unfurnished,1179452
1132,2,2,Tier-2,2,7,Furnished,4014818
1487,2,3,Tier-2,2,10,Furnished,3294721
604,2,2,Tier-3,0,20,Unfurnished,558630
484,1,1,Tier-3,0,7,Unfurnished,523427
572,2,2,Tier-3,1,13,Semi,649734
1328,3,3,Tier-2,2,4,Furnished,2672129
746,2,2,Tier-3,1,7,Semi,825682
578,1,2,Tier-3,1,13,Semi,763679
3848,6,5,Tier-1,2,1,Furnished,21921081
3720,5,4,Tier-1,3,5,Furnished,30437358
598,1,1,Tier-3,0,17,Semi,609736
1619,3,2,Tier-2,1,5,Semi,3543500
828,1,2,Tier-3,1,14,Unfurnished,1081860
1216,3,2,Tier-2,1,7,Semi,4028004
747,2,1,Tier-3,0,19,Semi,908792
838,1,1,Tier-3,0,9,Unfurnished,1010336
2711,3,4,Tier-1,2,0,Furnished,18311064
2019,2,2,Tier-2,1,4,Furnished,7803119
1800,3,2,Tier-2,2,9,Semi,6333134
884,1,2,Tier-3,1,20,Unfurnished,1269853
465,1,1,Tier-3,1,19,Semi,614012
1464,3,2,Tier-2,1,2,Semi,3626815
656,1,1,Tier-3,0,6,Unfurnished,664458
1491,2,3,Tier-2,1,8,Semi,3657985
990,1,2,Tier-3,0,16,Semi,1290410
655,1,2,Tier-3,0,10,Unfurnished,675851
3848,3,4,Tier-1,2,1,Furnished,33185193
987,2,1,Tier-3,1,14,Semi,819857
3112,6,5,Tier-1,3,2,Furnished,16592515
779,1,1,Tier-3,0,16,Semi,1005073
422,2,1,Tier-3,0,16,Semi,475329
2041,3,2,Tier-2,1,2,Furnished,7957468
823,1,1,Tier-3,0,13,Unfurnished,687075
1129,2,3,Tier-2,2,10,Furnished,3470317
3924,6,5,Tier-1,3,3,Furnished,33172427
1869,3,2,Tier-2,1,3,Furnished,6695809
729,1,2,Tier-3,0,16,Semi,795819
2863,4,5,Tier-1,2,3,Furnished,15732818
915,1,2,Tier-3,0,9,Semi,1245192
1525,2,3,Tier-2,1,6,Semi,3443031
913,2,2,Tier-3,0,16,Semi,1193476
816,1,2,Tier-3,0,12,Unfurnished,791722
587,1,1,Tier-3,1,19,Semi,608263
517,1,1,Tier-3,1,17,Semi,548178
830,2,1,Tier-3,1,15,Unfurnished,760143
967,1,2,Tier-3,1,8,Semi,1032996
2155,3,3,Tier-2,1,9,Furnished,7730100
2003,3,3,Tier-2,1,7,Furnished,7561926
1157,2,2,Tier-2,2,3,Furnished,4485290
4887,5,5,Tier-1,3,3,Furnished,41557149
499,1,1,Tier-3,0,10,Unfurnished,631513
920,1,1,Tier-3,1,14,Semi,1318161
997,2,1,Tier-3,1,7,Semi,1179688
550,1,2,Tier-3,0,17,Semi,546036
3244,6,5,Tier-1,3,2,Furnished,20974697
494,1,1,Tier-3,0,12,Semi,646551
414,2,1,Tier-3,1,15,Unfurnished,455159
689,1,1,Tier-3,1,17,Unfurnished,896207
788,1,2,Tier-3,0,13,Semi,821577
642,1,1,Tier-3,1,13,Unfurnished,878839
3321,6,3,Tier-1,2,5,Furnished,26967490
865,1,2,Tier-3,1,7,Semi,1063546
1332,2,3,Tier-2,2,4,Semi,3266319
512,1,1,Tier-3,0,20,Semi,485995
506,1,2,Tier-3,1,8,Unfurnished,749626
468,1,1,Tier-3,1,9,Semi,426796
1441,3,2,Tier-2,1,8,Furnished,4840299
649,1,1,Tier-3,1,12,Semi,682102
1083,2,3,Tier-2,2,2,Semi,3964627
965,2,2,Tier-3,0,20,Unfurnished,860445
921,2,1,Tier-3,0,9,Unfurnished,1054003
1014,3,2,Tier-2,2,9,Furnished,3521723
1189,2,2,Tier-2,2,5,Furnished,3908781
643,2,1,Tier-3,0,19,Unfurnished,847527
3462,5,4,Tier-1,3,4,Furnished,19443013
609,1,1,Tier-3,1,16,Unfurnished,731714
1088,3,2,Tier-2,2,10,Furnished,2301057
1151,2,2,Tier-2,1,4,Furnished,2567511
936,2,1,Tier-3,0,12,Semi,1361018
3586,5,5,Tier-1,3,2,Furnished,19588203
3062,4,4,Tier-1,2,2,Furnished,17241841
2976,5,3,Tier-1,3,3,Furnished,17926068
968,1,1,Tier-3,0,8,Unfurnished,933837
857,2,2,Tier-3,0,20,Semi,1242565
3410,4,5,Tier-1,3,5,Furnished,25036393
915,2,2,Tier-3,1,11,Semi,1281011
738,1,1,Tier-3,1,9,Unfurnished,883390
3378,4,4,Tier-1,2,3,Furnished,25062578
948,1,2,Tier-3,0,12,Semi,753430
651,2,2,Tier-3,0,12,Unfurnished,808351
417,1,1,Tier-3,1,16,Unfurnished,470927
895,1,2,Tier-3,0,11,Unfurnished,763375
2013,3,2,Tier-2,2,7,Furnished,4311876
1669,3,2,Tier-2,2,2,Semi,5088563
3867,5,4,Tier-1,2,3,Furnished,24362705
2089,2,2,Tier-2,2,6,Furnished,6907938
626,2,2,Tier-3,0,6,Semi,920052
882,1,1,Tier-3,0,18,Semi,859240
732,1,1,Tier-3,1,18,Semi,837427
686,1,1,Tier-3,1,5,Semi,857646
695,2,2,Tier-3,0,20,Semi,976964
664,2,2,Tier-3,0,7,Unfurnished,746013
904,1,1,Tier-3,1,12,Unfurnished,1206150
1208,3,2,Tier-2,2,7,Semi,4127150
2055,3,3,Tier-2,1,2,Semi,8085621
950,1,1,Tier-3,1,11,Unfurnished,1393792
2046,3,2,Tier-2,1,2,Furnished,7017455
541,1,2,Tier-3,1,9,Semi,609015
529,2,1,Tier-3,0,8,Unfurnished,706320
862,2,1,Tier-3,1,7,Semi,1255102
2047,3,3,Tier-2,2,2,Furnished,7327700
1972,3,3,Tier-2,1,6,Semi,5428924
857,2,1,Tier-3,0,7,Unfurnished,1051314
481,1,1,Tier-3,1,6,Semi,411899
894,1,1,Tier-3,1,19,Semi,1052303
684,1,2,Tier-3,0,15,Semi,978439
740,2,2,Tier-3,0,9,Semi,598367
700,1,2,Tier-3,0,8,Unfurnished,602111
661,1,2,Tier-3,1,16,Unfurnished,543996
2186,3,2,Tier-2,1,2,Furnished,6823166
2880,5,4,Tier-1,3,0,Furnished,19265312
406,1,2,Tier-3,0,17,Semi,589391
1744,3,3,Tier-2,1,2,Furnished,4000201
431,2,2,Tier-3,1,18,Unfurnished,459785
518,2,1,Tier-3,0,5,Unfurnished,467874
976,1,1,Tier-3,1,8,Unfurnished,1213948
579,1,1,Tier-3,0,20,Semi,515480
505,1,2,Tier-3,0,19,Semi,744899
451,2,1,Tier-3,0,7,Unfurnished,590870
4447,3,4,Tier-1,2,4,Furnished,27324071
3900,6,5,Tier-1,3,1,Furnished,22751075
4079,6,5,Tier-1,2,2,Furnished,35925722
535,2,2,Tier-3,0,15,Unfurnished,768539
493,2,1,Tier-3,1,7,Semi,477635
790,2,1,Tier-3,0,17,Semi,829974
528,1,1,Tier-3,1,10,Semi,788450
524,1,2,Tier-3,0,5,Semi,544328
972,2,1,Tier-3,1,9,Semi,873199
1205,3,3,Tier-2,2,4,Furnished,3800433
2844,6,4,Tier-1,2,2,Furnished,17538836
938,1,2,Tier-3,1,14,Unfurnished,1200004
449,2,2,Tier-3,0,17,Semi,430875
992,1,2,Tier-3,0,20,Unfurnished,1331898
402,1,2,Tier-3,0,11,Semi,465206
1986,3,2,Tier-2,1,9,Semi,4765466
861,2,2,Tier-3,0,10,Unfurnished,895822
462,1,1,Tier-3,1,14,Unfurnished,424745
4327,6,5,Tier-1,2,2,Furnished,37062139
1358,2,2,Tier-2,2,9,Semi,5287597
456,2,1,Tier-3,1,19,Semi,440038
1640,2,2,Tier-2,2,4,Semi,3702123
1426,2,3,Tier-2,2,4,Semi,2868859
1006,3,3,Tier-2,1,10,Furnished,2561789
549,2,1,Tier-3,0,19,Unfurnished,612334
1434,2,3,Tier-2,1,2,Furnished,3435927
3307,4,4,Tier-1,3,4,Furnished,22082101
719,2,1,Tier-3,1,15,Unfurnished,840551
1090,3,2,Tier-2,2,6,Semi,4005668
820,2,1,Tier-3,1,17,Semi,741547
703,2,2,Tier-3,1,17,Unfurnished,758769
3659,6,5,Tier-1,2,2,Furnished,19312621
566,2,2,Tier-3,0,19,Unfurnished,510036
530,2,2,Tier-3,0,16,Unfurnished,475324
1367,3,2,Tier-2,1,9,Semi,4120775
569,1,1,Tier-3,0,8,Semi,528024
471,1,1,Tier-3,1,14,Semi,421641
811,1,1,Tier-3,1,15,Semi,725560
3968,5,5,Tier-1,3,1,Furnished,31925940
499,1,1,Tier-3,1,15,Semi,644806
629,2,1,Tier-3,1,17,Unfurnished,815295
486,2,2,Tier-3,0,8,Unfurnished,435782
676,1,2,Tier-3,1,8,Semi,654462
862,1,2,Tier-3,1,9,Unfurnished,741676
683,1,2,Tier-3,1,10,Semi,885985
825,2,2,Tier-3,0,6,Semi,815033
1040,3,2,Tier-2,1,8,Furnished,3330331
2176,2,3,Tier-2,2,10,Furnished,7322658
794,2,2,Tier-3,0,17,Unfurnished,867862
1578,3,3,Tier-2,2,7,Furnished,3992335
1715,3,3,Tier-2,1,9,Semi,3773230
558,1,2,Tier-3,0,11,Semi,665682
1743,3,2,Tier-2,2,5,Semi,6512863
4186,5,5,Tier-1,3,2,Furnished,26422326
2131,2,3,Tier-2,2,7,Semi,6265611
843,2,2,Tier-3,1,8,Unfurnished,755309
4632,5,5,Tier-1,3,4,Furnished,40509418
503,2,1,Tier-3,1,11,Unfurnished,553288
904,2,1,Tier-3,0,18,Unfurnished,1212114
1719,3,3,Tier-2,1,9,Semi,3813773
1814,2,3,Tier-2,1,9,Furnished,5973126
557,2,1,Tier-3,1,5,Unfurnished,820140
695,2,1,Tier-3,0,18,Semi,863356
746,2,1,Tier-3,1,17,Semi,866567
902,2,2,Tier-3,0,13,Semi,731724
744,1,1,Tier-3,1,11,Semi,668654
3702,6,4,Tier-1,2,0,Furnished,23788429
786,1,1,Tier-3,0,18,Unfurnished,936077
709,1,1,Tier-3,1,16,Semi,861743
879,2,1,Tier-3,0,6,Unfurnished,935713
896,2,1,Tier-3,0,12,Semi,763570
447,1,1,Tier-3,0,8,Semi,453904
3093,6,4,Tier-1,3,1,Furnished,27438651
1676,3,3,Tier-2,1,6,Furnished,4429095
841,2,2,Tier-3,1,14,Unfurnished,1068796
908,1,2,Tier-3,1,13,Semi,892891
795,2,1,Tier-3,1,10,Unfurnished,1020933
2637,5,5,Tier-1,2,0,Furnished,14487513
2711,5,5,Tier-1,2,4,Furnished,17266884
691,1,2,Tier-3,0,8,Unfurnished,644238
1388,2,3,Tier-2,2,10,Semi,3125873
1908,3,3,Tier-2,2,6,Semi,5657331
1867,3,2,Tier-2,2,9,Furnished,7158039
551,2,2,Tier-3,1,8,Unfurnished,776150
543,1,2,Tier-3,1,18,Semi,721586
2045,2,3,Tier-2,2,9,Semi,7468295
2167,2,2,Tier-2,1,3,Furnished,4603695
563,1,1,Tier-3,1,13,Unfurnished,832521
3442,5,5,Tier-1,3,3,Furnished,26954264
677,2,1,Tier-3,0,8,Semi,763586
633,1,2,Tier-3,0,13,Semi,621324
970,1,2,Tier-3,1,16,Unfurnished,1111280
4466,5,5,Tier-1,3,3,Furnished,35003001
830,2,1,Tier-3,0,6,Unfurnished,923427
1989,2,3,Tier-2,1,2,Furnished,4946672
3176,6,3,Tier-1,2,5,Furnished,20289649
2691,3,4,Tier-1,2,3,Furnished,16905954
676,2,1,Tier-3,0,14,Semi,771893
1298,3,2,Tier-2,2,4,Semi,3986321
976,2,1,Tier-3,0,17,Semi,1424040
1408,2,2,Tier-2,1,3,Furnished,3009740
962,1,2,Tier-3,1,12,Semi,1103104
509,2,1,Tier-3,0,19,Semi,580479
1269,2,3,Tier-2,2,7,Semi,3064658
4388,5,3,Tier-1,2,5,Furnished,38540427
1495,2,2,Tier-2,2,8,Semi,4669989
770,2,2,Tier-3,0,8,Semi,1015683
910,1,1,Tier-3,0,15,Semi,1339975
811,2,2,Tier-3,1,6,Semi,829614
1078,3,2,Tier-2,2,6,Furnished,2456843
982,1,1,Tier-3,1,16,Unfurnished,1098339
401,2,1,Tier-3,1,7,Semi,387853
984,1,1,Tier-3,1,16,Semi,1481688
795,2,1,Tier-3,1,11,Unfurnished,735536
676,1,2,Tier-3,1,12,Unfurnished,720664
590,2,2,Tier-3,1,20,Unfurnished,805293
4730,5,4,Tier-1,2,0,Furnished,29358153
1198,2,2,Tier-2,1,4,Furnished,3557547
2108,3,2,Tier-2,2,9,Furnished,6048688
1566,3,3,Tier-2,1,7,Semi,5530209
776,1,2,Tier-3,0,6,Unfurnished,741751
527,1,1,Tier-3,1,7,Unfurnished,490721
980,1,1,Tier-3,0,9,Unfurnished,879831
952,2,1,Tier-3,0,16,Semi,1294439
566,1,1,Tier-3,1,19,Semi,817973
575,1,1,Tier-3,1,20,Semi,512377
1333,2,3,Tier-2,2,5,Furnished,3224226
1929,3,2,Tier-2,2,4,Furnished,4029702
1845,2,2,Tier-2,2,8,Semi,6912719
2176,2,3,Tier-2,2,7,Furnished,5130789
1460,2,2,Tier-2,1,9,Semi,3227543
750,1,1,Tier-3,0,7,Unfurnished,628772
996,1,2,Tier-3,1,12,Semi,831331
1087,3,3,Tier-2,2,9,Semi,4252844
1839,3,3,Tier-2,1,6,Semi,4300207
4764,5,5,Tier-1,3,3,Furnished,27240648
2981,6,3,Tier-1,2,3,Furnished,17150090
428,1,2,Tier-3,1,20,Semi,404956
1464,2,3,Tier-2,2,4,Semi,4823603
1167,3,3,Tier-2,2,5,Furnished,3127958
696,2,2,Tier-3,1,5,Unfurnished,909219
894,2,2,Tier-3,1,12,Semi,951429
930,1,1,Tier-3,1,11,Unfurnished,1057451
569,2,1,Tier-3,1,20,Unfurnished,511326
3345,6,5,Tier-1,2,4,Furnished,28078373
687,2,2,Tier-3,0,6,Unfurnished,972848
444,1,1,Tier-3,0,17,Semi,550304
612,2,2,Tier-3,1,13,Semi,512490
980,1,2,Tier-3,0,13,Semi,821264
1758,2,2,Tier-2,1,6,Semi,5173128
1835,3,3,Tier-2,2,7,Furnished,3680445
650,1,2,Tier-3,0,16,Semi,829616
